entity_id,state,last_changed
switch.luz_do_corredor,unavailable,2025-10-13T03:38:10.730Z
switch.luz_do_corredor,off,2025-10-13T03:38:43.740Z
switch.luz_do_corredor,unavailable,2025-10-13T03:40:32.731Z
switch.luz_do_corredor,off,2025-10-13T03:41:05.771Z
switch.luz_do_corredor,unavailable,2025-10-13T04:26:54.729Z
switch.luz_do_corredor,off,2025-10-13T04:27:27.740Z
switch.luz_do_corredor,unavailable,2025-10-13T05:49:01.730Z
switch.luz_do_corredor,off,2025-10-13T05:49:34.845Z
switch.luz_do_corredor,unavailable,2025-10-13T06:11:11.730Z
switch.luz_do_corredor,off,2025-10-13T06:11:44.740Z
switch.luz_do_corredor,unavailable,2025-10-13T07:09:06.730Z
switch.luz_do_corredor,off,2025-10-13T07:09:39.747Z
switch.luz_do_corredor,on,2025-10-13T07:28:54.740Z
switch.luz_do_corredor,off,2025-10-13T07:33:51.802Z
switch.luz_do_corredor,unavailable,2025-10-13T08:03:43.730Z
switch.luz_do_corredor,off,2025-10-13T08:04:17.161Z
switch.luz_do_corredor,unavailable,2025-10-13T08:04:59.729Z
switch.luz_do_corredor,off,2025-10-13T08:05:32.739Z
switch.luz_do_corredor,unavailable,2025-10-13T10:00:39.730Z
switch.luz_do_corredor,off,2025-10-13T10:01:12.787Z
switch.luz_do_corredor,unavailable,2025-10-13T12:01:16.731Z
switch.luz_do_corredor,off,2025-10-13T12:01:49.742Z
switch.luz_do_corredor,unavailable,2025-10-13T12:06:23.731Z
switch.luz_do_corredor,off,2025-10-13T12:06:56.754Z
switch.luz_do_corredor,unavailable,2025-10-13T12:46:09.730Z
switch.luz_do_corredor,off,2025-10-13T12:46:42.745Z
switch.luz_do_corredor,unavailable,2025-10-13T13:13:49.729Z
switch.luz_do_corredor,off,2025-10-13T13:14:22.831Z
switch.luz_do_corredor,unavailable,2025-10-13T14:54:05.730Z
switch.luz_do_corredor,off,2025-10-13T14:54:38.744Z
switch.luz_do_corredor,unavailable,2025-10-13T16:49:12.730Z
switch.luz_do_corredor,off,2025-10-13T16:49:45.740Z
switch.luz_do_corredor,unavailable,2025-10-13T17:17:25.730Z
switch.luz_do_corredor,off,2025-10-13T17:17:58.739Z
switch.luz_do_corredor,unavailable,2025-10-13T18:15:20.730Z
switch.luz_do_corredor,off,2025-10-13T18:15:53.741Z
switch.luz_do_corredor,on,2025-10-13T18:49:26.740Z
switch.luz_do_corredor,off,2025-10-13T18:50:32.816Z
switch.luz_do_corredor,on,2025-10-13T19:17:29.755Z
switch.luz_do_corredor,off,2025-10-13T19:21:20.844Z
switch.luz_do_corredor,unavailable,2025-10-13T19:22:36.731Z
switch.luz_do_corredor,off,2025-10-13T19:23:09.741Z
switch.luz_do_corredor,unavailable,2025-10-13T19:44:46.730Z
switch.luz_do_corredor,off,2025-10-13T19:45:19.851Z
switch.luz_do_corredor,on,2025-10-13T19:58:31.808Z
switch.luz_do_corredor,off,2025-10-13T20:05:40.744Z
switch.luz_do_corredor,on,2025-10-13T20:21:04.756Z
switch.luz_do_corredor,off,2025-10-13T20:23:16.741Z
switch.luz_do_corredor,unavailable,2025-10-13T23:03:41.316Z
switch.luz_do_corredor,off,2025-10-13T23:04:14.326Z
switch.luz_do_corredor,unavailable,2025-10-13T23:13:45.318Z
switch.luz_do_corredor,off,2025-10-13T23:14:18.326Z
switch.luz_do_corredor,unavailable,2025-10-14T02:18:43.316Z
switch.luz_do_corredor,off,2025-10-14T02:19:16.365Z
switch.luz_do_corredor,unavailable,2025-10-14T02:48:35.316Z
switch.luz_do_corredor,off,2025-10-14T02:49:08.330Z
switch.luz_do_corredor,unavailable,2025-10-14T03:28:21.317Z
switch.luz_do_corredor,off,2025-10-14T03:28:54.326Z
switch.luz_do_corredor,unavailable,2025-10-14T06:38:16.316Z
switch.luz_do_corredor,off,2025-10-14T06:38:49.491Z
switch.luz_do_corredor,unavailable,2025-10-14T06:41:44.317Z
switch.luz_do_corredor,off,2025-10-14T06:42:17.325Z
switch.luz_do_corredor,unavailable,2025-10-14T06:52:54.319Z
switch.luz_do_corredor,off,2025-10-14T06:53:27.357Z
switch.luz_do_corredor,on,2025-10-14T07:10:30.329Z
switch.luz_do_corredor,unavailable,2025-10-14T07:14:31.316Z
switch.luz_do_corredor,on,2025-10-14T07:15:04.327Z
switch.luz_do_corredor,off,2025-10-14T07:16:43.384Z
switch.luz_do_corredor,unavailable,2025-10-14T07:18:32.316Z
switch.luz_do_corredor,off,2025-10-14T07:19:05.330Z
switch.luz_do_corredor,unavailable,2025-10-14T07:58:51.317Z
switch.luz_do_corredor,off,2025-10-14T07:59:24.340Z
switch.luz_do_corredor,unavailable,2025-10-14T09:46:16.317Z
switch.luz_do_corredor,off,2025-10-14T09:46:49.332Z
switch.luz_do_corredor,unavailable,2025-10-14T09:57:59.316Z
switch.luz_do_corredor,off,2025-10-14T09:58:32.328Z
switch.luz_do_corredor,unavailable,2025-10-14T10:52:36.317Z
switch.luz_do_corredor,off,2025-10-14T10:53:09.334Z
switch.luz_do_corredor,unavailable,2025-10-14T11:20:49.316Z
switch.luz_do_corredor,off,2025-10-14T11:21:22.378Z
switch.luz_do_corredor,unavailable,2025-10-14T11:48:29.317Z
switch.luz_do_corredor,off,2025-10-14T11:49:02.330Z
switch.luz_do_corredor,unavailable,2025-10-14T12:05:09.319Z
switch.luz_do_corredor,off,2025-10-14T12:05:42.329Z
switch.luz_do_corredor,unavailable,2025-10-14T12:18:31.316Z
switch.luz_do_corredor,off,2025-10-14T12:19:04.404Z
switch.luz_do_corredor,unavailable,2025-10-14T13:00:29.316Z
switch.luz_do_corredor,off,2025-10-14T13:01:02.409Z
switch.luz_do_corredor,unavailable,2025-10-14T13:08:54.316Z
switch.luz_do_corredor,off,2025-10-14T13:09:27.326Z
switch.luz_do_corredor,on,2025-10-14T13:34:13.327Z
switch.luz_do_corredor,off,2025-10-14T13:35:19.342Z
switch.luz_do_corredor,unavailable,2025-10-14T14:23:20.316Z
switch.luz_do_corredor,off,2025-10-14T14:23:53.348Z
switch.luz_do_corredor,on,2025-10-14T14:59:05.329Z
switch.luz_do_corredor,off,2025-10-14T14:59:38.329Z
switch.luz_do_corredor,unavailable,2025-10-14T15:17:24.316Z
switch.luz_do_corredor,off,2025-10-14T15:17:57.419Z
switch.luz_do_corredor,unavailable,2025-10-14T15:28:34.317Z
switch.luz_do_corredor,off,2025-10-14T15:29:07.392Z
switch.luz_do_corredor,unavailable,2025-10-14T16:31:26.318Z
switch.luz_do_corredor,off,2025-10-14T16:31:59.333Z
switch.luz_do_corredor,on,2025-10-14T16:33:38.326Z
switch.luz_do_corredor,off,2025-10-14T16:42:49.096Z
switch.luz_do_corredor,on,2025-10-14T16:44:38.327Z
switch.luz_do_corredor,off,2025-10-14T16:51:57.762Z
switch.luz_do_corredor,on,2025-10-14T17:01:41.333Z
switch.luz_do_corredor,off,2025-10-14T17:24:57.146Z
switch.luz_do_corredor,on,2025-10-14T17:34:41.328Z
switch.luz_do_corredor,off,2025-10-14T17:36:20.419Z
switch.luz_do_corredor,on,2025-10-14T19:15:53.412Z
switch.luz_do_corredor,off,2025-10-14T19:22:33.238Z
switch.luz_do_corredor,unavailable,2025-10-14T19:50:09.316Z
switch.luz_do_corredor,off,2025-10-14T19:50:42.336Z
switch.luz_do_corredor,unavailable,2025-10-14T20:27:10.316Z
switch.luz_do_corredor,off,2025-10-14T20:27:43.376Z
switch.luz_do_corredor,unavailable,2025-10-14T20:37:14.318Z
switch.luz_do_corredor,off,2025-10-14T20:37:47.333Z
switch.luz_do_corredor,on,2025-10-14T21:10:47.326Z
switch.luz_do_corredor,off,2025-10-14T21:11:20.328Z
switch.luz_do_corredor,unavailable,2025-10-14T21:12:36.317Z
switch.luz_do_corredor,off,2025-10-14T21:13:09.331Z
switch.luz_do_corredor,unavailable,2025-10-14T21:44:40.318Z
switch.luz_do_corredor,off,2025-10-14T21:45:13.331Z
switch.luz_do_corredor,unavailable,2025-10-14T22:28:50.317Z
switch.luz_do_corredor,off,2025-10-14T22:29:23.413Z
switch.luz_do_corredor,unavailable,2025-10-15T00:29:27.317Z
switch.luz_do_corredor,off,2025-10-15T00:30:00.326Z
switch.luz_do_corredor,unavailable,2025-10-15T00:39:31.316Z
switch.luz_do_corredor,off,2025-10-15T00:40:04.329Z
switch.luz_do_corredor,unavailable,2025-10-15T01:27:32.316Z
switch.luz_do_corredor,off,2025-10-15T01:28:05.327Z
switch.luz_do_corredor,unavailable,2025-10-15T01:56:18.317Z
switch.luz_do_corredor,off,2025-10-15T01:56:51.333Z
switch.luz_do_corredor,unavailable,2025-10-15T02:00:52.316Z
switch.luz_do_corredor,off,2025-10-15T02:01:25.374Z
switch.luz_do_corredor,unavailable,2025-10-15T04:00:56.317Z
switch.luz_do_corredor,off,2025-10-15T04:01:29.364Z
switch.luz_do_corredor,unavailable,2025-10-15T04:35:12.317Z
switch.luz_do_corredor,off,2025-10-15T04:35:45.475Z
switch.luz_do_corredor,unavailable,2025-10-15T05:21:01.318Z
switch.luz_do_corredor,off,2025-10-15T05:21:34.326Z
switch.luz_do_corredor,unavailable,2025-10-15T05:37:08.317Z
switch.luz_do_corredor,off,2025-10-15T05:37:41.329Z
switch.luz_do_corredor,unavailable,2025-10-15T06:31:12.316Z
switch.luz_do_corredor,off,2025-10-15T06:31:45.326Z
switch.luz_do_corredor,unavailable,2025-10-15T06:33:01.317Z
switch.luz_do_corredor,off,2025-10-15T06:33:34.331Z
switch.luz_do_corredor,on,2025-10-15T06:37:25.333Z
switch.luz_do_corredor,off,2025-10-15T07:05:23.962Z
switch.luz_do_corredor,on,2025-10-15T08:01:34.326Z
switch.luz_do_corredor,off,2025-10-15T08:04:19.427Z
switch.luz_do_corredor,unavailable,2025-10-15T08:50:08.316Z
switch.luz_do_corredor,off,2025-10-15T08:50:41.592Z
switch.luz_do_corredor,unavailable,2025-10-15T09:01:19.317Z
switch.luz_do_corredor,off,2025-10-15T09:01:52.366Z
switch.luz_do_corredor,unavailable,2025-10-15T10:11:20.316Z
switch.luz_do_corredor,off,2025-10-15T10:11:53.327Z
switch.luz_do_corredor,unavailable,2025-10-15T10:51:06.316Z
switch.luz_do_corredor,off,2025-10-15T10:51:39.440Z
switch.luz_do_corredor,unavailable,2025-10-15T12:01:07.316Z
switch.luz_do_corredor,off,2025-10-15T12:01:40.329Z
switch.luz_do_corredor,unavailable,2025-10-15T13:14:26.318Z
switch.luz_do_corredor,off,2025-10-15T13:14:59.422Z
switch.luz_do_corredor,unavailable,2025-10-15T13:19:33.318Z
switch.luz_do_corredor,off,2025-10-15T13:20:06.431Z
switch.luz_do_corredor,unavailable,2025-10-15T13:36:49.317Z
switch.luz_do_corredor,off,2025-10-15T13:37:22.338Z
switch.luz_do_corredor,unavailable,2025-10-15T14:28:10.319Z
switch.luz_do_corredor,off,2025-10-15T14:28:43.395Z
switch.luz_do_corredor,unavailable,2025-10-15T14:38:14.335Z
switch.luz_do_corredor,off,2025-10-15T14:38:47.365Z
switch.luz_do_corredor,unavailable,2025-10-15T15:00:24.321Z
switch.luz_do_corredor,off,2025-10-15T15:00:57.330Z
switch.luz_do_corredor,unavailable,2025-10-15T15:49:31.317Z
switch.luz_do_corredor,off,2025-10-15T15:50:04.326Z
switch.luz_do_corredor,unavailable,2025-10-15T16:13:53.316Z
switch.luz_do_corredor,off,2025-10-15T16:14:26.327Z
switch.luz_do_corredor,unavailable,2025-10-15T17:00:15.316Z
switch.luz_do_corredor,off,2025-10-15T17:00:48.372Z
switch.luz_do_corredor,unavailable,2025-10-15T17:03:43.317Z
switch.luz_do_corredor,off,2025-10-15T17:04:16.380Z
switch.luz_do_corredor,on,2025-10-15T17:52:55.436Z
switch.luz_do_corredor,off,2025-10-15T17:56:13.404Z
switch.luz_do_corredor,unavailable,2025-10-15T19:05:41.393Z
switch.luz_do_corredor,off,2025-10-15T19:06:14.432Z
switch.luz_do_corredor,on,2025-10-15T19:08:26.412Z
switch.luz_do_corredor,off,2025-10-15T19:13:56.563Z
switch.luz_do_corredor,unavailable,2025-10-15T19:25:06.392Z
switch.luz_do_corredor,off,2025-10-15T19:25:39.409Z
switch.luz_do_corredor,unavailable,2025-10-15T19:27:28.392Z
switch.luz_do_corredor,off,2025-10-15T19:28:01.443Z
switch.luz_do_corredor,on,2025-10-15T20:18:38.382Z
switch.luz_do_corredor,off,2025-10-15T20:19:44.488Z
switch.luz_do_corredor,on,2025-10-15T20:34:02.449Z
switch.luz_do_corredor,off,2025-10-15T20:41:56.277Z
switch.luz_do_corredor,on,2025-10-15T21:00:26.485Z
switch.luz_do_corredor,off,2025-10-15T21:00:59.514Z
switch.luz_do_corredor,unavailable,2025-10-15T21:04:27.470Z
switch.luz_do_corredor,off,2025-10-15T21:05:00.484Z
switch.luz_do_corredor,unavailable,2025-10-15T21:11:46.471Z
switch.luz_do_corredor,off,2025-10-15T21:12:19.562Z
switch.luz_do_corredor,unavailable,2025-10-15T21:38:12.584Z
switch.luz_do_corredor,off,2025-10-15T21:38:45.595Z
switch.luz_do_corredor,unavailable,2025-10-15T21:42:13.583Z
switch.luz_do_corredor,off,2025-10-15T21:43:36.740Z
switch.luz_do_corredor,unavailable,2025-10-15T21:46:31.278Z
switch.luz_do_corredor,off,2025-10-15T21:47:04.387Z
switch.luz_do_corredor,on,2025-10-15T21:54:46.290Z
switch.luz_do_corredor,off,2025-10-15T21:55:19.336Z
switch.luz_do_corredor,unavailable,2025-10-15T22:20:47.276Z
switch.luz_do_corredor,off,2025-10-15T22:21:20.329Z
switch.luz_do_corredor,unavailable,2025-10-15T22:28:06.276Z
switch.luz_do_corredor,off,2025-10-15T22:28:39.290Z
switch.luz_do_corredor,on,2025-10-15T22:45:09.311Z
switch.luz_do_corredor,unavailable,2025-10-15T22:48:04.276Z
switch.luz_do_corredor,on,2025-10-15T22:48:37.355Z
switch.luz_do_corredor,off,2025-10-15T22:53:34.287Z
switch.luz_do_corredor,on,2025-10-16T00:12:05.481Z
switch.luz_do_corredor,off,2025-10-16T00:18:39.560Z
switch.luz_do_corredor,unavailable,2025-10-16T01:35:51.470Z
switch.luz_do_corredor,off,2025-10-16T01:36:24.487Z
switch.luz_do_corredor,unavailable,2025-10-16T01:45:55.470Z
switch.luz_do_corredor,off,2025-10-16T01:46:28.564Z
switch.luz_do_corredor,unavailable,2025-10-16T02:46:35.470Z
switch.luz_do_corredor,off,2025-10-16T02:47:08.481Z
switch.luz_do_corredor,unavailable,2025-10-16T04:59:51.470Z
switch.luz_do_corredor,off,2025-10-16T05:00:24.487Z
switch.luz_do_corredor,unavailable,2025-10-16T05:51:43.470Z
switch.luz_do_corredor,off,2025-10-16T05:52:16.479Z
switch.luz_do_corredor,unavailable,2025-10-16T06:18:17.471Z
switch.luz_do_corredor,off,2025-10-16T06:18:50.571Z
switch.luz_do_corredor,unavailable,2025-10-16T06:23:24.473Z
switch.luz_do_corredor,off,2025-10-16T06:23:57.480Z
switch.luz_do_corredor,unavailable,2025-10-16T06:37:52.471Z
switch.luz_do_corredor,off,2025-10-16T06:38:25.553Z
switch.luz_do_corredor,unavailable,2025-10-16T06:52:53.471Z
switch.luz_do_corredor,off,2025-10-16T06:53:26.496Z
switch.luz_do_corredor,unavailable,2025-10-16T07:14:30.471Z
switch.luz_do_corredor,off,2025-10-16T07:15:03.572Z
switch.luz_do_corredor,unavailable,2025-10-16T07:40:31.470Z
switch.luz_do_corredor,off,2025-10-16T07:41:04.492Z
switch.luz_do_corredor,unavailable,2025-10-16T11:36:38.470Z
switch.luz_do_corredor,off,2025-10-16T11:37:11.569Z
switch.luz_do_corredor,unavailable,2025-10-16T12:01:33.470Z
switch.luz_do_corredor,off,2025-10-16T12:02:06.551Z
switch.luz_do_corredor,unavailable,2025-10-16T12:17:40.471Z
switch.luz_do_corredor,off,2025-10-16T12:18:13.595Z
switch.luz_do_corredor,unavailable,2025-10-16T12:27:44.473Z
switch.luz_do_corredor,off,2025-10-16T12:28:17.566Z
switch.luz_do_corredor,unavailable,2025-10-16T12:33:57.471Z
switch.luz_do_corredor,off,2025-10-16T12:34:30.487Z
switch.luz_do_corredor,unavailable,2025-10-16T13:37:29.471Z
switch.luz_do_corredor,off,2025-10-16T13:38:02.554Z
switch.luz_do_corredor,unavailable,2025-10-16T13:59:39.484Z
switch.luz_do_corredor,off,2025-10-16T14:00:12.525Z
switch.luz_do_corredor,unavailable,2025-10-16T14:21:49.470Z
switch.luz_do_corredor,off,2025-10-16T14:22:22.480Z
switch.luz_do_corredor,unavailable,2025-10-16T14:43:26.471Z
switch.luz_do_corredor,off,2025-10-16T14:43:59.482Z
switch.luz_do_corredor,unavailable,2025-10-16T14:48:00.470Z
switch.luz_do_corredor,off,2025-10-16T14:48:33.499Z
switch.luz_do_corredor,unavailable,2025-10-16T16:21:40.471Z
switch.luz_do_corredor,off,2025-10-16T16:22:13.496Z
switch.luz_do_corredor,unavailable,2025-10-16T16:28:59.470Z
switch.luz_do_corredor,off,2025-10-16T16:29:32.482Z
switch.luz_do_corredor,on,2025-10-16T17:01:26.486Z
switch.luz_do_corredor,off,2025-10-16T17:09:08.501Z
switch.luz_do_corredor,unavailable,2025-10-16T17:16:27.471Z
switch.luz_do_corredor,off,2025-10-16T17:17:00.535Z
switch.luz_do_corredor,unavailable,2025-10-16T17:29:49.473Z
switch.luz_do_corredor,off,2025-10-16T17:30:22.537Z
switch.luz_do_corredor,unavailable,2025-10-16T18:31:02.470Z
switch.luz_do_corredor,off,2025-10-16T18:31:35.575Z
switch.luz_do_corredor,unavailable,2025-10-16T18:41:06.470Z
switch.luz_do_corredor,off,2025-10-16T18:41:39.488Z
switch.luz_do_corredor,unavailable,2025-10-16T18:57:13.470Z
switch.luz_do_corredor,off,2025-10-16T18:57:46.579Z
switch.luz_do_corredor,unavailable,2025-10-16T19:34:49.470Z
switch.luz_do_corredor,off,2025-10-16T19:34:56.355Z
switch.luz_do_corredor,unavailable,2025-10-16T19:38:57.471Z
switch.luz_do_corredor,off,2025-10-16T19:39:30.573Z
switch.luz_do_corredor,on,2025-10-16T20:55:59.506Z
switch.luz_do_corredor,unavailable,2025-10-16T21:01:06.471Z
switch.luz_do_corredor,off,2025-10-16T21:01:39.623Z
switch.luz_do_corredor,unavailable,2025-10-16T21:12:49.470Z
switch.luz_do_corredor,off,2025-10-16T21:13:22.596Z
switch.luz_do_corredor,unavailable,2025-10-16T21:22:53.471Z
switch.luz_do_corredor,off,2025-10-16T21:23:26.554Z
switch.luz_do_corredor,unavailable,2025-10-16T21:42:18.472Z
switch.luz_do_corredor,off,2025-10-16T21:43:34.507Z
switch.luz_do_corredor,unavailable,2025-10-16T21:50:20.470Z
switch.luz_do_corredor,off,2025-10-16T21:50:53.493Z
switch.luz_do_corredor,unavailable,2025-10-16T22:52:06.470Z
switch.luz_do_corredor,off,2025-10-16T22:52:39.502Z
switch.luz_do_corredor,unavailable,2025-10-16T23:04:22.470Z
switch.luz_do_corredor,off,2025-10-16T23:04:55.581Z
switch.luz_do_corredor,on,2025-10-16T23:14:16.491Z
switch.luz_do_corredor,off,2025-10-16T23:22:10.311Z
switch.luz_do_corredor,on,2025-10-16T23:24:43.613Z
switch.luz_do_corredor,off,2025-10-16T23:26:22.514Z
switch.luz_do_corredor,unavailable,2025-10-16T23:34:47.471Z
switch.luz_do_corredor,off,2025-10-16T23:35:20.493Z
switch.luz_do_corredor,unavailable,2025-10-17T00:20:36.471Z
switch.luz_do_corredor,off,2025-10-17T00:21:09.571Z
switch.luz_do_corredor,unavailable,2025-10-17T01:00:22.474Z
switch.luz_do_corredor,off,2025-10-17T01:00:55.583Z
switch.luz_do_corredor,unavailable,2025-10-17T02:27:26.470Z
switch.luz_do_corredor,off,2025-10-17T02:27:59.484Z
switch.luz_do_corredor,unavailable,2025-10-17T03:04:27.526Z
switch.luz_do_corredor,off,2025-10-17T03:05:00.503Z
switch.luz_do_corredor,unavailable,2025-10-17T04:21:04.473Z
switch.luz_do_corredor,off,2025-10-17T04:21:37.481Z
switch.luz_do_corredor,unavailable,2025-10-17T04:24:32.471Z
switch.luz_do_corredor,off,2025-10-17T04:25:05.492Z
switch.luz_do_corredor,unavailable,2025-10-17T05:13:39.471Z
switch.luz_do_corredor,off,2025-10-17T05:14:12.568Z
switch.luz_do_corredor,unavailable,2025-10-17T05:25:55.472Z
switch.luz_do_corredor,off,2025-10-17T05:26:28.520Z
switch.luz_do_corredor,unavailable,2025-10-17T05:51:23.470Z
switch.luz_do_corredor,off,2025-10-17T05:51:56.591Z
switch.luz_do_corredor,unavailable,2025-10-17T06:58:07.471Z
switch.luz_do_corredor,off,2025-10-17T06:58:40.574Z
switch.luz_do_corredor,unavailable,2025-10-17T08:55:59.471Z
switch.luz_do_corredor,off,2025-10-17T08:56:32.484Z
switch.luz_do_corredor,unavailable,2025-10-17T09:00:01.471Z
switch.luz_do_corredor,off,2025-10-17T09:00:34.489Z
switch.luz_do_corredor,unavailable,2025-10-17T10:18:17.472Z
switch.luz_do_corredor,off,2025-10-17T10:18:50.483Z
switch.luz_do_corredor,unavailable,2025-10-17T11:48:06.472Z
switch.luz_do_corredor,off,2025-10-17T11:48:39.494Z
switch.luz_do_corredor,unavailable,2025-10-17T12:52:37.472Z
switch.luz_do_corredor,off,2025-10-17T12:53:10.535Z
switch.luz_do_corredor,unavailable,2025-10-17T13:00:29.473Z
switch.luz_do_corredor,off,2025-10-17T13:01:02.563Z
switch.luz_do_corredor,unavailable,2025-10-17T13:03:24.470Z
switch.luz_do_corredor,off,2025-10-17T13:03:57.489Z
switch.luz_do_corredor,unavailable,2025-10-17T13:05:13.469Z
switch.luz_do_corredor,off,2025-10-17T13:05:46.605Z
switch.luz_do_corredor,unavailable,2025-10-17T13:58:44.470Z
switch.luz_do_corredor,off,2025-10-17T13:59:17.492Z
switch.luz_do_corredor,unavailable,2025-10-17T15:58:51.471Z
switch.luz_do_corredor,off,2025-10-17T15:59:24.486Z
switch.luz_do_corredor,unavailable,2025-10-17T16:38:37.472Z
switch.luz_do_corredor,off,2025-10-17T16:39:10.480Z
switch.luz_do_corredor,unavailable,2025-10-17T17:25:32.470Z
switch.luz_do_corredor,off,2025-10-17T17:26:05.582Z
switch.luz_do_corredor,unavailable,2025-10-17T17:35:36.470Z
switch.luz_do_corredor,off,2025-10-17T17:36:09.485Z
switch.luz_do_corredor,unavailable,2025-10-17T17:51:43.470Z
switch.luz_do_corredor,off,2025-10-17T17:52:16.502Z
switch.luz_do_corredor,unavailable,2025-10-17T18:34:47.471Z
switch.luz_do_corredor,off,2025-10-17T18:35:20.482Z
switch.luz_do_corredor,unavailable,2025-10-17T18:59:09.472Z
switch.luz_do_corredor,off,2025-10-17T18:59:42.507Z
switch.luz_do_corredor,on,2025-10-17T19:10:09.520Z
switch.luz_do_corredor,off,2025-10-17T19:16:49.897Z
switch.luz_do_corredor,on,2025-10-17T19:17:18.525Z
switch.luz_do_corredor,off,2025-10-17T19:18:24.555Z
switch.luz_do_corredor,unavailable,2025-10-17T19:20:46.470Z
switch.luz_do_corredor,off,2025-10-17T19:21:19.519Z
switch.luz_do_corredor,on,2025-10-17T19:37:16.483Z
switch.luz_do_corredor,off,2025-10-17T19:52:02.073Z
switch.luz_do_corredor,unavailable,2025-10-17T19:57:14.474Z
switch.luz_do_corredor,off,2025-10-17T19:57:47.480Z
switch.luz_do_corredor,unavailable,2025-10-17T20:13:21.471Z
switch.luz_do_corredor,off,2025-10-17T20:13:54.484Z
switch.luz_do_corredor,on,2025-10-17T20:21:03.480Z
switch.luz_do_corredor,off,2025-10-17T20:27:39.565Z
switch.luz_do_corredor,unavailable,2025-10-17T21:07:58.473Z
switch.luz_do_corredor,off,2025-10-17T21:08:31.633Z
switch.luz_do_corredor,on,2025-10-17T21:50:19.554Z
switch.luz_do_corredor,off,2025-10-17T21:50:52.504Z
switch.luz_do_corredor,unavailable,2025-10-17T22:18:32.471Z
switch.luz_do_corredor,off,2025-10-17T22:19:05.507Z
switch.luz_do_corredor,on,2025-10-17T22:23:29.489Z
switch.luz_do_corredor,unavailable,2025-10-17T22:24:45.471Z
switch.luz_do_corredor,on,2025-10-17T22:25:18.484Z
switch.luz_do_corredor,unavailable,2025-10-17T22:26:01.471Z
switch.luz_do_corredor,on,2025-10-17T22:26:34.480Z
switch.luz_do_corredor,off,2025-10-17T22:33:10.480Z
switch.luz_do_corredor,on,2025-10-17T22:54:37.520Z
switch.luz_do_corredor,off,2025-10-17T22:57:22.485Z
switch.luz_do_corredor,unavailable,2025-10-18T00:07:56.470Z
switch.luz_do_corredor,off,2025-10-18T00:08:29.489Z
switch.luz_do_corredor,unavailable,2025-10-18T00:16:21.470Z
switch.luz_do_corredor,off,2025-10-18T00:16:54.597Z
switch.luz_do_corredor,unavailable,2025-10-18T00:34:07.472Z
switch.luz_do_corredor,off,2025-10-18T00:34:40.546Z
switch.luz_do_corredor,unavailable,2025-10-18T01:35:20.472Z
switch.luz_do_corredor,off,2025-10-18T01:35:53.481Z
switch.luz_do_corredor,unavailable,2025-10-18T02:21:09.471Z
switch.luz_do_corredor,off,2025-10-18T02:21:42.480Z
switch.luz_do_corredor,unavailable,2025-10-18T02:37:16.471Z
switch.luz_do_corredor,off,2025-10-18T02:37:49.567Z
switch.luz_do_corredor,unavailable,2025-10-18T03:43:59.473Z
switch.luz_do_corredor,off,2025-10-18T03:44:32.485Z
switch.luz_do_corredor,unavailable,2025-10-18T03:50:45.471Z
switch.luz_do_corredor,off,2025-10-18T03:51:18.585Z
switch.luz_do_corredor,unavailable,2025-10-18T03:55:19.471Z
switch.luz_do_corredor,off,2025-10-18T03:55:52.551Z
switch.luz_do_corredor,unavailable,2025-10-18T05:04:47.470Z
switch.luz_do_corredor,off,2025-10-18T05:05:20.574Z
switch.luz_do_corredor,unavailable,2025-10-18T05:08:48.471Z
switch.luz_do_corredor,off,2025-10-18T05:09:21.485Z
switch.luz_do_corredor,unavailable,2025-10-18T05:46:22.471Z
switch.luz_do_corredor,off,2025-10-18T05:46:55.479Z
switch.luz_do_corredor,on,2025-10-18T07:45:10.480Z
switch.luz_do_corredor,off,2025-10-18T07:53:25.509Z
switch.luz_do_corredor,unavailable,2025-10-18T08:35:23.471Z
switch.luz_do_corredor,off,2025-10-18T08:35:56.484Z
switch.luz_do_corredor,unavailable,2025-10-18T08:41:36.470Z
switch.luz_do_corredor,off,2025-10-18T08:42:09.569Z
switch.luz_do_corredor,unavailable,2025-10-18T09:38:58.471Z
switch.luz_do_corredor,off,2025-10-18T09:39:31.546Z
switch.luz_do_corredor,unavailable,2025-10-18T11:45:38.471Z
switch.luz_do_corredor,off,2025-10-18T11:46:11.539Z
switch.luz_do_corredor,unavailable,2025-10-18T11:59:00.472Z
switch.luz_do_corredor,off,2025-10-18T11:59:33.518Z
switch.luz_do_corredor,unavailable,2025-10-18T13:56:52.471Z
switch.luz_do_corredor,off,2025-10-18T13:57:25.551Z
switch.luz_do_corredor,unavailable,2025-10-18T16:12:23.470Z
switch.luz_do_corredor,off,2025-10-18T16:12:56.481Z
switch.luz_do_corredor,unavailable,2025-10-18T16:23:00.470Z
switch.luz_do_corredor,off,2025-10-18T16:23:33.485Z
switch.luz_do_corredor,unavailable,2025-10-18T16:41:19.470Z
switch.luz_do_corredor,off,2025-10-18T16:41:52.526Z
switch.luz_do_corredor,on,2025-10-18T17:39:04.581Z
switch.luz_do_corredor,off,2025-10-18T18:04:22.501Z
switch.luz_do_corredor,on,2025-10-18T18:26:55.480Z
switch.luz_do_corredor,off,2025-10-18T18:27:28.491Z
switch.luz_do_corredor,on,2025-10-18T18:29:07.486Z
switch.luz_do_corredor,off,2025-10-18T18:30:46.481Z
switch.luz_do_corredor,unavailable,2025-10-18T18:51:50.471Z
switch.luz_do_corredor,off,2025-10-18T18:53:06.481Z
switch.luz_do_corredor,on,2025-10-18T19:01:54.510Z
switch.luz_do_corredor,off,2025-10-18T19:02:27.549Z
switch.luz_do_corredor,unavailable,2025-10-18T19:09:14.471Z
switch.luz_do_corredor,off,2025-10-18T19:09:47.484Z
switch.luz_do_corredor,on,2025-10-18T19:41:08.484Z
switch.luz_do_corredor,off,2025-10-18T19:44:26.485Z
switch.luz_do_corredor,on,2025-10-18T20:24:02.552Z
switch.luz_do_corredor,off,2025-10-18T20:52:49.953Z
switch.luz_do_corredor,unavailable,2025-10-18T20:55:00.470Z
switch.luz_do_corredor,off,2025-10-18T20:55:33.485Z
switch.luz_do_corredor,unavailable,2025-10-18T21:02:52.471Z
switch.luz_do_corredor,off,2025-10-18T21:03:25.529Z
switch.luz_do_corredor,on,2025-10-18T21:17:10.566Z
switch.luz_do_corredor,off,2025-10-18T21:17:43.495Z
switch.luz_do_corredor,unavailable,2025-10-18T21:34:23.471Z
switch.luz_do_corredor,off,2025-10-18T21:34:56.542Z
switch.luz_do_corredor,on,2025-10-18T21:36:35.502Z
switch.luz_do_corredor,off,2025-10-18T21:39:53.483Z
switch.luz_do_corredor,on,2025-10-18T22:09:35.492Z
switch.luz_do_corredor,off,2025-10-18T22:10:08.489Z
switch.luz_do_corredor,unavailable,2025-10-18T22:19:39.471Z
switch.luz_do_corredor,off,2025-10-18T22:20:12.617Z
switch.luz_do_corredor,on,2025-10-18T22:25:09.482Z
switch.luz_do_corredor,off,2025-10-18T22:25:42.592Z
switch.luz_do_corredor,unavailable,2025-10-18T22:26:58.472Z
switch.luz_do_corredor,off,2025-10-18T22:27:31.580Z
switch.luz_do_corredor,on,2025-10-18T23:29:45.488Z
switch.luz_do_corredor,off,2025-10-18T23:30:18.482Z
switch.luz_do_corredor,unavailable,2025-10-18T23:46:58.474Z
switch.luz_do_corredor,off,2025-10-18T23:47:31.515Z
switch.luz_do_corredor,unavailable,2025-10-19T00:21:14.472Z
switch.luz_do_corredor,off,2025-10-19T00:21:47.498Z
switch.luz_do_corredor,unavailable,2025-10-19T00:31:18.471Z
switch.luz_do_corredor,off,2025-10-19T00:31:51.480Z
switch.luz_do_corredor,unavailable,2025-10-19T00:36:25.471Z
switch.luz_do_corredor,off,2025-10-19T00:36:58.579Z
switch.luz_do_corredor,unavailable,2025-10-19T00:56:23.471Z
switch.luz_do_corredor,off,2025-10-19T00:56:56.578Z
switch.luz_do_corredor,unavailable,2025-10-19T01:28:27.470Z
switch.luz_do_corredor,off,2025-10-19T01:29:00.557Z
switch.luz_do_corredor,unavailable,2025-10-19T02:41:13.471Z
switch.luz_do_corredor,off,2025-10-19T02:41:46.593Z
switch.luz_do_corredor,unavailable,2025-10-19T03:47:56.470Z
switch.luz_do_corredor,off,2025-10-19T03:48:29.559Z
switch.luz_do_corredor,unavailable,2025-10-19T03:58:00.471Z
switch.luz_do_corredor,off,2025-10-19T03:58:33.530Z
switch.luz_do_corredor,unavailable,2025-10-19T04:23:28.470Z
switch.luz_do_corredor,off,2025-10-19T04:24:01.481Z
switch.luz_do_corredor,unavailable,2025-10-19T08:38:17.471Z
switch.luz_do_corredor,off,2025-10-19T08:38:50.624Z
switch.luz_do_corredor,unavailable,2025-10-19T08:57:42.472Z
switch.luz_do_corredor,off,2025-10-19T08:58:15.481Z
switch.luz_do_corredor,unavailable,2025-10-19T09:36:55.471Z
switch.luz_do_corredor,off,2025-10-19T09:37:28.489Z
switch.luz_do_corredor,unavailable,2025-10-19T09:45:20.471Z
switch.luz_do_corredor,off,2025-10-19T09:45:53.630Z
switch.luz_do_corredor,unavailable,2025-10-19T10:58:39.471Z
switch.luz_do_corredor,off,2025-10-19T10:59:12.585Z
switch.luz_do_corredor,unavailable,2025-10-19T11:05:25.471Z
switch.luz_do_corredor,off,2025-10-19T11:05:58.538Z
switch.luz_do_corredor,unavailable,2025-10-19T11:45:44.470Z
switch.luz_do_corredor,off,2025-10-19T11:46:17.557Z
switch.luz_do_corredor,unavailable,2025-10-19T12:43:39.471Z
switch.luz_do_corredor,off,2025-10-19T12:44:12.524Z
switch.luz_do_corredor,unavailable,2025-10-19T13:23:58.471Z
switch.luz_do_corredor,off,2025-10-19T13:24:31.504Z
switch.luz_do_corredor,unavailable,2025-10-19T14:21:53.471Z
switch.luz_do_corredor,off,2025-10-19T14:22:26.504Z
switch.luz_do_corredor,unavailable,2025-10-19T15:58:51.470Z
switch.luz_do_corredor,off,2025-10-19T15:59:24.482Z
switch.luz_do_corredor,on,2025-10-19T18:13:36.480Z
switch.luz_do_corredor,off,2025-10-19T18:22:57.480Z
switch.luz_do_corredor,on,2025-10-19T18:52:39.557Z
switch.luz_do_corredor,off,2025-10-19T18:54:51.484Z
switch.luz_do_corredor,unavailable,2025-10-19T19:08:13.471Z
switch.luz_do_corredor,off,2025-10-19T19:08:46.502Z
switch.luz_do_corredor,unavailable,2025-10-19T19:19:56.471Z
switch.luz_do_corredor,off,2025-10-19T19:20:29.484Z
switch.luz_do_corredor,unavailable,2025-10-19T19:21:12.471Z
switch.luz_do_corredor,off,2025-10-19T19:21:45.486Z
switch.luz_do_corredor,on,2025-10-19T19:31:39.510Z
switch.luz_do_corredor,off,2025-10-19T19:38:15.360Z
switch.luz_do_corredor,on,2025-10-19T19:38:48.488Z
switch.luz_do_corredor,off,2025-10-19T19:44:18.515Z
switch.luz_do_corredor,unavailable,2025-10-19T20:04:16.470Z
switch.luz_do_corredor,off,2025-10-19T20:04:49.484Z
switch.luz_do_corredor,on,2025-10-19T20:07:34.547Z
switch.luz_do_corredor,off,2025-10-19T20:25:43.485Z
switch.luz_do_corredor,unavailable,2025-10-19T20:29:11.470Z
switch.luz_do_corredor,off,2025-10-19T20:29:44.482Z
switch.luz_do_corredor,on,2025-10-19T20:51:11.482Z
switch.luz_do_corredor,off,2025-10-19T20:54:29.480Z
switch.luz_do_corredor,on,2025-10-19T21:34:38.588Z
switch.luz_do_corredor,off,2025-10-19T21:41:33.122Z
switch.luz_do_corredor,on,2025-10-19T21:45:05.483Z
switch.luz_do_corredor,off,2025-10-19T21:45:38.501Z
switch.luz_do_corredor,on,2025-10-19T22:10:23.484Z
switch.luz_do_corredor,off,2025-10-19T22:15:53.482Z
switch.luz_do_corredor,unavailable,2025-10-19T22:52:21.470Z
switch.luz_do_corredor,off,2025-10-19T22:52:54.524Z
switch.luz_do_corredor,unavailable,2025-10-19T23:18:55.470Z
switch.luz_do_corredor,off,2025-10-19T23:19:28.483Z
switch.luz_do_corredor,on,2025-10-19T23:20:34.494Z
switch.luz_do_corredor,off,2025-10-19T23:24:25.542Z
switch.luz_do_corredor,unavailable,2025-10-19T23:35:35.470Z
switch.luz_do_corredor,off,2025-10-19T23:36:08.485Z
switch.luz_do_corredor,unavailable,2025-10-20T01:05:24.472Z
switch.luz_do_corredor,off,2025-10-20T01:05:57.530Z
switch.luz_do_corredor,unavailable,2025-10-20T01:59:28.470Z
switch.luz_do_corredor,off,2025-10-20T02:00:01.608Z
switch.luz_do_corredor,unavailable,2025-10-20T02:16:41.472Z
switch.luz_do_corredor,off,2025-10-20T02:17:14.481Z
switch.luz_do_corredor,unavailable,2025-10-20T02:47:06.473Z
switch.luz_do_corredor,off,2025-10-20T02:47:39.488Z
switch.luz_do_corredor,unavailable,2025-10-20T02:59:55.470Z
switch.luz_do_corredor,off,2025-10-20T03:00:28.598Z
switch.luz_do_corredor,unavailable,2025-10-20T03:55:38.472Z
switch.luz_do_corredor,off,2025-10-20T03:56:11.481Z
switch.luz_do_corredor,unavailable,2025-10-20T04:05:42.471Z
switch.luz_do_corredor,off,2025-10-20T04:06:15.482Z
switch.luz_do_corredor,unavailable,2025-10-20T04:15:46.470Z
switch.luz_do_corredor,off,2025-10-20T04:16:19.482Z
switch.luz_do_corredor,unavailable,2025-10-20T04:37:56.472Z
switch.luz_do_corredor,off,2025-10-20T04:38:29.580Z
switch.luz_do_corredor,unavailable,2025-10-20T06:19:18.471Z
switch.luz_do_corredor,off,2025-10-20T06:19:51.492Z
switch.luz_do_corredor,unavailable,2025-10-20T06:36:31.471Z
switch.luz_do_corredor,off,2025-10-20T06:37:04.498Z
switch.luz_do_corredor,unavailable,2025-10-20T06:46:35.472Z
switch.luz_do_corredor,off,2025-10-20T06:47:08.575Z
switch.luz_do_corredor,unavailable,2025-10-20T08:14:13.471Z
switch.luz_do_corredor,off,2025-10-20T08:14:46.776Z
switch.luz_do_corredor,unavailable,2025-10-20T11:08:44.472Z
switch.luz_do_corredor,off,2025-10-20T11:09:17.594Z
switch.luz_do_corredor,unavailable,2025-10-20T11:57:51.470Z
switch.luz_do_corredor,off,2025-10-20T11:58:24.485Z
switch.luz_do_corredor,unavailable,2025-10-20T12:12:19.470Z
switch.luz_do_corredor,off,2025-10-20T12:12:52.484Z
switch.luz_do_corredor,unavailable,2025-10-20T12:15:14.470Z
switch.luz_do_corredor,off,2025-10-20T12:15:47.565Z
switch.luz_do_corredor,unavailable,2025-10-20T13:51:39.471Z
switch.luz_do_corredor,off,2025-10-20T13:52:12.603Z
switch.luz_do_corredor,unavailable,2025-10-20T16:34:04.470Z
switch.luz_do_corredor,off,2025-10-20T16:34:37.551Z
switch.luz_do_corredor,unavailable,2025-10-20T16:39:11.470Z
switch.luz_do_corredor,off,2025-10-20T16:39:44.553Z
switch.luz_do_corredor,unavailable,2025-10-20T17:03:00.470Z
switch.luz_do_corredor,off,2025-10-20T17:03:33.481Z
switch.luz_do_corredor,on,2025-10-20T18:02:23.174Z
switch.luz_do_corredor,off,2025-10-20T18:02:56.280Z
switch.luz_do_corredor,unavailable,2025-10-20T18:14:39.151Z
switch.luz_do_corredor,off,2025-10-20T18:15:12.171Z
switch.luz_do_corredor,unavailable,2025-10-20T19:05:58.151Z
switch.luz_do_corredor,off,2025-10-20T19:06:31.269Z
switch.luz_do_corredor,on,2025-10-20T19:09:16.214Z
switch.luz_do_corredor,off,2025-10-20T19:10:22.164Z
switch.luz_do_corredor,on,2025-10-20T19:19:43.166Z
switch.luz_do_corredor,off,2025-10-20T19:20:16.164Z
switch.luz_do_corredor,on,2025-10-20T19:38:58.248Z
switch.luz_do_corredor,off,2025-10-20T19:39:31.189Z
switch.luz_do_corredor,on,2025-10-20T19:48:52.167Z
switch.luz_do_corredor,off,2025-10-20T19:51:04.195Z
switch.luz_do_corredor,unavailable,2025-10-20T19:54:32.151Z
switch.luz_do_corredor,off,2025-10-20T19:55:05.173Z
switch.luz_do_corredor,on,2025-10-20T20:05:32.183Z
switch.luz_do_corredor,off,2025-10-20T20:13:14.213Z
switch.luz_do_corredor,on,2025-10-20T20:14:20.223Z
switch.luz_do_corredor,unavailable,2025-10-20T20:17:15.212Z
switch.luz_do_corredor,on,2025-10-20T20:17:48.162Z
switch.luz_do_corredor,off,2025-10-20T20:37:28.206Z
switch.luz_do_corredor,on,2025-10-20T21:18:51.164Z
switch.luz_do_corredor,off,2025-10-20T21:19:57.167Z
switch.luz_do_corredor,on,2025-10-20T21:21:36.236Z
switch.luz_do_corredor,off,2025-10-20T21:22:09.165Z
switch.luz_do_corredor,unavailable,2025-10-20T21:49:49.152Z
switch.luz_do_corredor,off,2025-10-20T21:50:22.179Z
switch.luz_do_corredor,on,2025-10-20T22:11:49.232Z
switch.luz_do_corredor,off,2025-10-20T22:19:40.614Z
switch.luz_do_corredor,unavailable,2025-10-20T22:27:56.151Z
switch.luz_do_corredor,off,2025-10-20T22:28:29.160Z
switch.luz_do_corredor,on,2025-10-20T22:47:44.164Z
switch.luz_do_corredor,off,2025-10-20T22:51:35.162Z
switch.luz_do_corredor,unavailable,2025-10-21T00:18:06.151Z
switch.luz_do_corredor,off,2025-10-21T00:18:39.239Z
switch.luz_do_corredor,unavailable,2025-10-21T03:21:58.151Z
switch.luz_do_corredor,off,2025-10-21T03:22:31.173Z
switch.luz_do_corredor,unavailable,2025-10-21T03:38:05.150Z
switch.luz_do_corredor,off,2025-10-21T03:38:38.220Z
switch.luz_do_corredor,unavailable,2025-10-21T06:29:18.150Z
switch.luz_do_corredor,off,2025-10-21T06:30:34.163Z
switch.luz_do_corredor,unavailable,2025-10-21T07:22:26.150Z
switch.luz_do_corredor,off,2025-10-21T07:22:59.172Z
switch.luz_do_corredor,unavailable,2025-10-21T07:31:24.150Z
switch.luz_do_corredor,off,2025-10-21T07:31:57.394Z
switch.luz_do_corredor,unavailable,2025-10-21T08:15:34.150Z
switch.luz_do_corredor,off,2025-10-21T08:16:07.163Z
switch.luz_do_corredor,unavailable,2025-10-21T09:04:41.152Z
switch.luz_do_corredor,off,2025-10-21T09:05:14.216Z
switch.luz_do_corredor,on,2025-10-21T09:11:50.168Z
switch.luz_do_corredor,unavailable,2025-10-21T09:14:45.151Z
switch.luz_do_corredor,on,2025-10-21T09:15:18.162Z
switch.luz_do_corredor,off,2025-10-21T09:19:28.894Z
switch.luz_do_corredor,unavailable,2025-10-21T11:02:10.151Z
switch.luz_do_corredor,off,2025-10-21T11:02:43.162Z
switch.luz_do_corredor,on,2025-10-21T11:56:37.267Z
switch.luz_do_corredor,off,2025-10-21T12:18:49.119Z
switch.luz_do_corredor,unavailable,2025-10-21T12:22:50.096Z
switch.luz_do_corredor,off,2025-10-21T12:23:23.118Z
switch.luz_do_corredor,on,2025-10-21T13:05:44.166Z
switch.luz_do_corredor,off,2025-10-21T13:07:23.119Z
switch.luz_do_corredor,unavailable,2025-10-21T14:03:39.096Z
switch.luz_do_corredor,off,2025-10-21T14:04:12.108Z
switch.luz_do_corredor,unavailable,2025-10-21T14:23:04.095Z
switch.luz_do_corredor,off,2025-10-21T14:23:37.106Z
switch.luz_do_corredor,unavailable,2025-10-21T15:02:50.097Z
switch.luz_do_corredor,off,2025-10-21T15:03:23.163Z
switch.luz_do_corredor,unavailable,2025-10-21T15:16:45.096Z
switch.luz_do_corredor,on,2025-10-21T15:17:18.221Z
switch.luz_do_corredor,unavailable,2025-10-21T15:47:10.096Z
switch.luz_do_corredor,on,2025-10-21T15:47:43.214Z
switch.luz_do_corredor,off,2025-10-21T15:48:36.444Z
switch.luz_do_corredor,on,2025-10-21T15:51:34.177Z
switch.luz_do_corredor,unavailable,2025-10-21T15:56:41.096Z
switch.luz_do_corredor,on,2025-10-21T15:57:14.131Z
switch.luz_do_corredor,off,2025-10-21T16:03:17.106Z
switch.luz_do_corredor,on,2025-10-21T16:44:32.151Z
switch.luz_do_corredor,off,2025-10-21T16:47:17.198Z
switch.luz_do_corredor,on,2025-10-21T16:58:17.148Z
switch.luz_do_corredor,off,2025-10-21T16:59:23.151Z
switch.luz_do_corredor,on,2025-10-21T17:14:47.115Z
switch.luz_do_corredor,off,2025-10-21T17:18:38.107Z
switch.luz_do_corredor,on,2025-10-21T17:27:59.107Z
switch.luz_do_corredor,off,2025-10-21T17:34:35.108Z
switch.luz_do_corredor,on,2025-10-21T17:36:14.111Z
switch.luz_do_corredor,off,2025-10-21T17:36:47.220Z
switch.luz_do_corredor,unavailable,2025-10-21T18:56:42.097Z
switch.luz_do_corredor,off,2025-10-21T18:57:15.206Z
switch.luz_do_corredor,on,2025-10-21T19:31:21.117Z
switch.luz_do_corredor,off,2025-10-21T19:38:20.635Z
switch.luz_do_corredor,unavailable,2025-10-21T19:57:22.097Z
switch.luz_do_corredor,off,2025-10-21T19:57:55.204Z
switch.luz_do_corredor,unavailable,2025-10-21T20:19:32.096Z
switch.luz_do_corredor,off,2025-10-21T20:20:05.108Z
switch.luz_do_corredor,unavailable,2025-10-21T20:43:54.097Z
switch.luz_do_corredor,off,2025-10-21T20:44:27.106Z
switch.luz_do_corredor,unavailable,2025-10-21T20:52:19.095Z
switch.luz_do_corredor,off,2025-10-21T20:53:35.110Z
switch.luz_do_corredor,on,2025-10-21T20:58:32.108Z
switch.luz_do_corredor,off,2025-10-21T20:59:05.159Z
switch.luz_do_corredor,on,2025-10-21T21:10:38.106Z
switch.luz_do_corredor,off,2025-10-21T21:23:17.179Z
switch.luz_do_corredor,unavailable,2025-10-21T21:36:06.096Z
switch.luz_do_corredor,off,2025-10-21T21:36:39.156Z
switch.luz_do_corredor,on,2025-10-21T21:39:24.225Z
switch.luz_do_corredor,off,2025-10-21T21:48:45.109Z
switch.luz_do_corredor,unavailable,2025-10-21T22:42:01.321Z
switch.luz_do_corredor,off,2025-10-21T22:42:34.337Z
switch.luz_do_corredor,unavailable,2025-10-21T23:20:08.321Z
switch.luz_do_corredor,off,2025-10-21T23:20:41.397Z
switch.luz_do_corredor,unavailable,2025-10-21T23:23:36.321Z
switch.luz_do_corredor,off,2025-10-21T23:24:09.352Z
switch.luz_do_corredor,unavailable,2025-10-21T23:35:19.322Z
switch.luz_do_corredor,off,2025-10-21T23:35:52.382Z
switch.luz_do_corredor,on,2025-10-21T23:57:52.330Z
switch.luz_do_corredor,off,2025-10-22T00:00:37.331Z
switch.luz_do_corredor,unavailable,2025-10-22T00:27:44.321Z
switch.luz_do_corredor,off,2025-10-22T00:28:17.330Z
switch.luz_do_corredor,unavailable,2025-10-22T00:43:51.321Z
switch.luz_do_corredor,off,2025-10-22T00:44:24.417Z
switch.luz_do_corredor,unavailable,2025-10-22T03:01:31.321Z
switch.luz_do_corredor,off,2025-10-22T03:02:04.337Z
switch.luz_do_corredor,unavailable,2025-10-22T03:54:29.321Z
switch.luz_do_corredor,off,2025-10-22T03:55:02.335Z
switch.luz_do_corredor,unavailable,2025-10-22T04:46:21.322Z
switch.luz_do_corredor,off,2025-10-22T04:46:54.364Z
switch.luz_do_corredor,unavailable,2025-10-22T04:53:07.322Z
switch.luz_do_corredor,off,2025-10-22T04:53:40.421Z
switch.luz_do_corredor,unavailable,2025-10-22T06:06:26.322Z
switch.luz_do_corredor,off,2025-10-22T06:06:59.424Z
switch.luz_do_corredor,unavailable,2025-10-22T06:40:09.321Z
switch.luz_do_corredor,off,2025-10-22T06:40:42.447Z
switch.luz_do_corredor,unavailable,2025-10-22T06:50:13.320Z
switch.luz_do_corredor,off,2025-10-22T06:50:46.332Z
switch.luz_do_corredor,unavailable,2025-10-22T07:32:11.321Z
switch.luz_do_corredor,off,2025-10-22T07:32:44.430Z
switch.luz_do_corredor,unavailable,2025-10-22T07:40:36.321Z
switch.luz_do_corredor,off,2025-10-22T07:41:09.341Z
switch.luz_do_corredor,unavailable,2025-10-22T07:56:43.320Z
switch.luz_do_corredor,off,2025-10-22T07:57:16.330Z
switch.luz_do_corredor,unavailable,2025-10-22T08:18:53.322Z
switch.luz_do_corredor,off,2025-10-22T08:19:26.330Z
switch.luz_do_corredor,unavailable,2025-10-22T08:20:09.321Z
switch.luz_do_corredor,off,2025-10-22T08:20:42.450Z
switch.luz_do_corredor,unavailable,2025-10-22T09:31:49.320Z
switch.luz_do_corredor,off,2025-10-22T09:32:22.339Z
switch.luz_do_corredor,unavailable,2025-10-22T09:40:14.321Z
switch.luz_do_corredor,off,2025-10-22T09:40:47.418Z
switch.luz_do_corredor,unavailable,2025-10-22T11:05:06.322Z
switch.luz_do_corredor,off,2025-10-22T11:05:39.413Z
switch.luz_do_corredor,unavailable,2025-10-22T11:51:28.320Z
switch.luz_do_corredor,off,2025-10-22T11:52:01.427Z
switch.luz_do_corredor,unavailable,2025-10-22T12:19:08.321Z
switch.luz_do_corredor,off,2025-10-22T12:19:41.332Z
switch.luz_do_corredor,unavailable,2025-10-22T12:35:15.321Z
switch.luz_do_corredor,off,2025-10-22T12:35:48.425Z
switch.luz_do_corredor,unavailable,2025-10-22T13:30:25.321Z
switch.luz_do_corredor,off,2025-10-22T13:30:58.389Z
switch.luz_do_corredor,on,2025-10-22T16:18:10.332Z
switch.luz_do_corredor,off,2025-10-22T16:28:04.330Z
switch.luz_do_corredor,unavailable,2025-10-22T17:10:35.412Z
switch.luz_do_corredor,off,2025-10-22T17:11:08.381Z
switch.luz_do_corredor,unavailable,2025-10-22T17:23:24.320Z
switch.luz_do_corredor,off,2025-10-22T17:23:57.333Z
switch.luz_do_corredor,on,2025-10-22T18:13:56.028Z
switch.luz_do_corredor,off,2025-10-22T18:21:38.058Z
switch.luz_do_corredor,unavailable,2025-10-22T18:28:24.015Z
switch.luz_do_corredor,off,2025-10-22T18:28:57.098Z
switch.luz_do_corredor,unavailable,2025-10-22T19:29:37.015Z
switch.luz_do_corredor,off,2025-10-22T19:30:10.029Z
switch.luz_do_corredor,unavailable,2025-10-22T20:09:23.015Z
switch.luz_do_corredor,off,2025-10-22T20:09:56.025Z
switch.luz_do_corredor,unavailable,2025-10-22T21:22:42.015Z
switch.luz_do_corredor,off,2025-10-22T21:23:15.028Z
switch.luz_do_corredor,unavailable,2025-10-22T21:44:52.016Z
switch.luz_do_corredor,off,2025-10-22T21:45:25.083Z
switch.luz_do_corredor,unavailable,2025-10-22T22:18:35.015Z
switch.luz_do_corredor,off,2025-10-22T22:19:08.115Z
switch.luz_do_corredor,on,2025-10-22T22:34:32.024Z
switch.luz_do_corredor,off,2025-10-22T22:36:11.068Z
switch.luz_do_corredor,unavailable,2025-10-22T22:40:12.026Z
switch.luz_do_corredor,off,2025-10-22T22:40:45.024Z
switch.luz_do_corredor,unavailable,2025-10-22T23:31:34.015Z
switch.luz_do_corredor,off,2025-10-22T23:32:07.048Z
switch.luz_do_corredor,unavailable,2025-10-22T23:53:44.015Z
switch.luz_do_corredor,off,2025-10-22T23:54:17.074Z
switch.luz_do_corredor,unavailable,2025-10-23T00:57:42.036Z
switch.luz_do_corredor,off,2025-10-23T00:58:15.026Z
switch.luz_do_corredor,unavailable,2025-10-23T01:56:43.016Z
switch.luz_do_corredor,off,2025-10-23T01:57:16.118Z
switch.luz_do_corredor,unavailable,2025-10-23T02:00:11.014Z
switch.luz_do_corredor,off,2025-10-23T02:00:44.072Z
switch.luz_do_corredor,unavailable,2025-10-23T03:12:57.015Z
switch.luz_do_corredor,off,2025-10-23T03:13:30.104Z
switch.luz_do_corredor,unavailable,2025-10-23T03:49:58.016Z
switch.luz_do_corredor,off,2025-10-23T03:50:31.042Z
switch.luz_do_corredor,unavailable,2025-10-23T04:45:08.015Z
switch.luz_do_corredor,off,2025-10-23T04:45:41.025Z
switch.luz_do_corredor,unavailable,2025-10-23T05:51:51.015Z
switch.luz_do_corredor,off,2025-10-23T05:52:24.025Z
switch.luz_do_corredor,unavailable,2025-10-23T05:59:10.017Z
switch.luz_do_corredor,off,2025-10-23T05:59:43.093Z
switch.luz_do_corredor,unavailable,2025-10-23T06:09:14.014Z
switch.luz_do_corredor,off,2025-10-23T06:09:47.065Z
switch.luz_do_corredor,unavailable,2025-10-23T07:18:09.015Z
switch.luz_do_corredor,off,2025-10-23T07:18:42.083Z
switch.luz_do_corredor,unavailable,2025-10-23T07:52:25.015Z
switch.luz_do_corredor,off,2025-10-23T07:52:58.026Z
switch.luz_do_corredor,unavailable,2025-10-23T08:38:47.015Z
switch.luz_do_corredor,off,2025-10-23T08:39:20.027Z
switch.luz_do_corredor,unavailable,2025-10-23T11:12:57.015Z
switch.luz_do_corredor,off,2025-10-23T11:13:30.027Z
switch.luz_do_corredor,unavailable,2025-10-23T12:00:25.015Z
switch.luz_do_corredor,off,2025-10-23T12:00:58.129Z
switch.luz_do_corredor,unavailable,2025-10-23T12:33:02.015Z
switch.luz_do_corredor,off,2025-10-23T12:33:35.025Z
switch.luz_do_corredor,unavailable,2025-10-23T14:21:33.015Z
switch.luz_do_corredor,off,2025-10-23T14:22:06.056Z
switch.luz_do_corredor,unavailable,2025-10-23T15:16:43.015Z
switch.luz_do_corredor,off,2025-10-23T15:17:16.063Z
switch.luz_do_corredor,unavailable,2025-10-23T15:41:38.017Z
switch.luz_do_corredor,off,2025-10-23T15:42:11.025Z
switch.luz_do_corredor,unavailable,2025-10-23T15:56:06.016Z
switch.luz_do_corredor,off,2025-10-23T15:56:39.027Z
switch.luz_do_corredor,unavailable,2025-10-23T17:18:13.017Z
switch.luz_do_corredor,off,2025-10-23T17:18:46.039Z
switch.luz_do_corredor,unavailable,2025-10-23T17:31:35.015Z
switch.luz_do_corredor,off,2025-10-23T17:32:08.128Z
switch.luz_do_corredor,on,2025-10-23T18:11:44.095Z
switch.luz_do_corredor,off,2025-10-23T18:13:23.026Z
switch.luz_do_corredor,unavailable,2025-10-23T18:28:57.015Z
switch.luz_do_corredor,off,2025-10-23T18:29:30.025Z
switch.luz_do_corredor,on,2025-10-23T18:55:54.118Z
switch.luz_do_corredor,off,2025-10-23T18:56:27.027Z
switch.luz_do_corredor,unavailable,2025-10-23T18:58:16.014Z
switch.luz_do_corredor,off,2025-10-23T18:58:49.108Z
switch.luz_do_corredor,on,2025-10-23T19:02:07.027Z
switch.luz_do_corredor,off,2025-10-23T19:02:40.076Z
switch.luz_do_corredor,unavailable,2025-10-23T19:23:11.014Z
switch.luz_do_corredor,off,2025-10-23T19:23:44.029Z
switch.luz_do_corredor,on,2025-10-23T20:52:17.028Z
switch.luz_do_corredor,off,2025-10-23T20:53:23.133Z
switch.luz_do_corredor,on,2025-10-23T21:57:11.073Z
switch.luz_do_corredor,off,2025-10-23T22:03:47.140Z
switch.luz_do_corredor,unavailable,2025-10-23T22:16:03.016Z
switch.luz_do_corredor,off,2025-10-23T22:16:36.157Z
switch.luz_do_corredor,unavailable,2025-10-23T22:43:43.016Z
switch.luz_do_corredor,off,2025-10-23T22:44:16.123Z
switch.luz_do_corredor,on,2025-10-23T23:00:13.047Z
switch.luz_do_corredor,off,2025-10-23T23:00:46.027Z
switch.luz_do_corredor,on,2025-10-23T23:11:13.039Z
switch.luz_do_corredor,off,2025-10-23T23:12:52.024Z
switch.luz_do_corredor,unavailable,2025-10-23T23:42:11.015Z
switch.luz_do_corredor,off,2025-10-23T23:42:44.124Z
switch.luz_do_corredor,unavailable,2025-10-24T00:25:48.015Z
switch.luz_do_corredor,off,2025-10-24T00:26:21.026Z
switch.luz_do_corredor,unavailable,2025-10-24T02:47:19.015Z
switch.luz_do_corredor,off,2025-10-24T02:47:52.029Z
switch.luz_do_corredor,unavailable,2025-10-24T02:57:23.014Z
switch.luz_do_corredor,off,2025-10-24T02:57:56.040Z
switch.luz_do_corredor,unavailable,2025-10-24T03:00:51.015Z
switch.luz_do_corredor,off,2025-10-24T03:01:24.024Z
switch.luz_do_corredor,unavailable,2025-10-24T04:04:49.016Z
switch.luz_do_corredor,off,2025-10-24T04:05:22.091Z
switch.luz_do_corredor,unavailable,2025-10-24T04:06:38.015Z
switch.luz_do_corredor,off,2025-10-24T04:07:11.075Z
switch.luz_do_corredor,unavailable,2025-10-24T04:19:27.015Z
switch.luz_do_corredor,off,2025-10-24T04:20:00.026Z
switch.luz_do_corredor,unavailable,2025-10-24T04:37:13.014Z
switch.luz_do_corredor,off,2025-10-24T04:37:46.116Z
switch.luz_do_corredor,unavailable,2025-10-24T05:45:35.019Z
switch.luz_do_corredor,off,2025-10-24T05:46:08.044Z
switch.luz_do_corredor,unavailable,2025-10-24T06:34:42.014Z
switch.luz_do_corredor,off,2025-10-24T06:35:15.036Z
switch.luz_do_corredor,unavailable,2025-10-24T07:02:55.015Z
switch.luz_do_corredor,off,2025-10-24T07:03:28.146Z
switch.luz_do_corredor,unavailable,2025-10-24T07:35:00.016Z
switch.luz_do_corredor,off,2025-10-24T07:35:33.026Z
switch.luz_do_corredor,unavailable,2025-10-24T07:48:22.015Z
switch.luz_do_corredor,off,2025-10-24T07:48:55.028Z
switch.luz_do_corredor,unavailable,2025-10-24T08:09:26.015Z
switch.luz_do_corredor,off,2025-10-24T08:09:59.134Z
switch.luz_do_corredor,unavailable,2025-10-24T08:25:33.016Z
switch.luz_do_corredor,off,2025-10-24T08:26:06.088Z
switch.luz_do_corredor,unavailable,2025-10-24T08:37:49.016Z
switch.luz_do_corredor,off,2025-10-24T08:38:22.027Z
switch.luz_do_corredor,unavailable,2025-10-24T09:52:47.015Z
switch.luz_do_corredor,off,2025-10-24T09:53:20.119Z
switch.luz_do_corredor,unavailable,2025-10-24T10:19:54.015Z
switch.luz_do_corredor,off,2025-10-24T10:20:27.117Z
switch.luz_do_corredor,unavailable,2025-10-24T10:57:36.015Z
switch.luz_do_corredor,off,2025-10-24T10:58:09.086Z
switch.luz_do_corredor,unavailable,2025-10-24T11:32:25.015Z
switch.luz_do_corredor,off,2025-10-24T11:32:58.129Z
switch.luz_do_corredor,unavailable,2025-10-24T11:58:26.015Z
switch.luz_do_corredor,off,2025-10-24T11:58:59.025Z
switch.luz_do_corredor,unavailable,2025-10-24T13:43:39.016Z
switch.luz_do_corredor,off,2025-10-24T13:44:12.046Z
switch.luz_do_corredor,unavailable,2025-10-24T15:39:52.016Z
switch.luz_do_corredor,off,2025-10-24T15:40:25.158Z
switch.luz_do_corredor,on,2025-10-24T15:53:04.032Z
switch.luz_do_corredor,off,2025-10-24T16:02:21.053Z
switch.luz_do_corredor,unavailable,2025-10-24T16:10:50.014Z
switch.luz_do_corredor,off,2025-10-24T16:11:23.028Z
switch.luz_do_corredor,unavailable,2025-10-24T16:33:00.015Z
switch.luz_do_corredor,off,2025-10-24T16:33:33.027Z
switch.luz_do_corredor,unavailable,2025-10-24T16:50:46.016Z
switch.luz_do_corredor,off,2025-10-24T16:51:19.125Z
switch.luz_do_corredor,unavailable,2025-10-24T17:12:23.016Z
switch.luz_do_corredor,off,2025-10-24T17:12:56.096Z
switch.luz_do_corredor,on,2025-10-24T18:38:44.075Z
switch.luz_do_corredor,off,2025-10-24T18:39:50.067Z
switch.luz_do_corredor,unavailable,2025-10-24T18:49:54.015Z
switch.luz_do_corredor,off,2025-10-24T18:50:27.028Z
switch.luz_do_corredor,on,2025-10-24T19:20:42.025Z
switch.luz_do_corredor,off,2025-10-24T19:27:20.894Z
switch.luz_do_corredor,unavailable,2025-10-24T20:10:55.015Z
switch.luz_do_corredor,off,2025-10-24T20:11:28.042Z
switch.luz_do_corredor,unavailable,2025-10-24T20:17:08.015Z
switch.luz_do_corredor,off,2025-10-24T20:17:41.028Z
switch.luz_do_corredor,unavailable,2025-10-24T21:51:21.015Z
switch.luz_do_corredor,off,2025-10-24T21:51:54.029Z
switch.luz_do_corredor,unavailable,2025-10-24T22:22:19.015Z
switch.luz_do_corredor,off,2025-10-24T22:22:52.090Z
switch.luz_do_corredor,unavailable,2025-10-24T22:44:29.015Z
switch.luz_do_corredor,off,2025-10-24T22:45:02.026Z
switch.luz_do_corredor,unavailable,2025-10-24T23:00:36.016Z
switch.luz_do_corredor,off,2025-10-24T23:01:09.028Z
switch.luz_do_corredor,on,2025-10-24T23:22:03.043Z
switch.luz_do_corredor,off,2025-10-24T23:30:03.328Z
switch.luz_do_corredor,unavailable,2025-10-24T23:31:34.015Z
switch.luz_do_corredor,off,2025-10-24T23:32:07.119Z
switch.luz_do_corredor,unavailable,2025-10-25T00:26:11.015Z
switch.luz_do_corredor,off,2025-10-25T00:26:44.033Z
switch.luz_do_corredor,unavailable,2025-10-25T01:16:24.016Z
switch.luz_do_corredor,off,2025-10-25T01:16:57.036Z
switch.luz_do_corredor,unavailable,2025-10-25T01:31:25.016Z
switch.luz_do_corredor,off,2025-10-25T01:31:58.090Z
switch.luz_do_corredor,unavailable,2025-10-25T01:35:27.016Z
switch.luz_do_corredor,off,2025-10-25T01:36:00.030Z
switch.luz_do_corredor,unavailable,2025-10-25T05:20:34.015Z
switch.luz_do_corredor,off,2025-10-25T05:21:07.091Z
switch.luz_do_corredor,unavailable,2025-10-25T06:04:44.016Z
switch.luz_do_corredor,off,2025-10-25T06:05:17.076Z
switch.luz_do_corredor,unavailable,2025-10-25T06:06:00.014Z
switch.luz_do_corredor,off,2025-10-25T06:06:33.033Z
switch.luz_do_corredor,unavailable,2025-10-25T06:12:13.015Z
switch.luz_do_corredor,off,2025-10-25T06:12:46.033Z
switch.luz_do_corredor,unavailable,2025-10-25T07:34:20.014Z
switch.luz_do_corredor,off,2025-10-25T07:34:53.025Z
switch.luz_do_corredor,unavailable,2025-10-25T07:50:27.015Z
switch.luz_do_corredor,off,2025-10-25T07:51:00.124Z
switch.luz_do_corredor,on,2025-10-25T08:10:48.085Z
switch.luz_do_corredor,off,2025-10-25T08:24:47.572Z
switch.luz_do_corredor,on,2025-10-25T08:32:48.082Z
switch.luz_do_corredor,off,2025-10-25T08:39:36.341Z
switch.luz_do_corredor,unavailable,2025-10-25T08:45:04.015Z
switch.luz_do_corredor,off,2025-10-25T08:45:37.025Z
switch.luz_do_corredor,unavailable,2025-10-25T09:24:50.015Z
switch.luz_do_corredor,off,2025-10-25T09:25:23.026Z
switch.luz_do_corredor,unavailable,2025-10-25T09:30:30.016Z
switch.luz_do_corredor,off,2025-10-25T09:31:03.066Z
switch.luz_do_corredor,unavailable,2025-10-25T16:01:43.015Z
switch.luz_do_corredor,off,2025-10-25T16:02:16.026Z
switch.luz_do_corredor,unavailable,2025-10-25T17:22:11.015Z
switch.luz_do_corredor,off,2025-10-25T17:22:44.031Z
switch.luz_do_corredor,unavailable,2025-10-25T18:03:36.016Z
switch.luz_do_corredor,off,2025-10-25T18:04:09.090Z
switch.luz_do_corredor,unavailable,2025-10-25T19:19:40.015Z
switch.luz_do_corredor,off,2025-10-25T19:20:13.050Z
switch.luz_do_corredor,unavailable,2025-10-25T19:41:17.016Z
switch.luz_do_corredor,off,2025-10-25T19:41:50.130Z
switch.luz_do_corredor,unavailable,2025-10-25T20:38:06.015Z
switch.luz_do_corredor,off,2025-10-25T20:38:39.052Z
switch.luz_do_corredor,unavailable,2025-10-25T20:42:07.017Z
switch.luz_do_corredor,off,2025-10-25T20:42:40.041Z
switch.luz_do_corredor,on,2025-10-25T21:12:55.138Z
switch.luz_do_corredor,off,2025-10-25T21:14:34.100Z
switch.luz_do_corredor,unavailable,2025-10-25T22:29:30.839Z
switch.luz_do_corredor,off,2025-10-25T22:30:03.964Z
switch.luz_do_corredor,unavailable,2025-10-25T22:40:07.838Z
switch.luz_do_corredor,off,2025-10-25T22:40:40.886Z
switch.luz_do_corredor,on,2025-10-25T22:45:04.906Z
switch.luz_do_corredor,off,2025-10-25T22:46:10.911Z
switch.luz_do_corredor,unavailable,2025-10-25T23:51:14.839Z
switch.luz_do_corredor,off,2025-10-25T23:51:47.885Z
switch.luz_do_corredor,unavailable,2025-10-26T00:02:24.839Z
switch.luz_do_corredor,off,2025-10-26T00:02:57.851Z
switch.luz_do_corredor,on,2025-10-26T00:43:06.875Z
switch.luz_do_corredor,off,2025-10-26T00:45:18.898Z
switch.luz_do_corredor,unavailable,2025-10-26T00:49:52.841Z
switch.luz_do_corredor,off,2025-10-26T00:50:25.887Z
switch.luz_do_corredor,unavailable,2025-10-26T01:05:59.840Z
switch.luz_do_corredor,off,2025-10-26T01:06:32.851Z
switch.luz_do_corredor,unavailable,2025-10-26T01:34:12.841Z
switch.luz_do_corredor,off,2025-10-26T01:34:45.850Z
switch.luz_do_corredor,unavailable,2025-10-26T01:45:22.839Z
switch.luz_do_corredor,off,2025-10-26T01:45:55.911Z
switch.luz_do_corredor,unavailable,2025-10-26T02:41:05.840Z
switch.luz_do_corredor,off,2025-10-26T02:41:38.943Z
switch.luz_do_corredor,unavailable,2025-10-26T02:55:00.841Z
switch.luz_do_corredor,off,2025-10-26T02:55:33.850Z
switch.luz_do_corredor,unavailable,2025-10-26T03:07:16.840Z
switch.luz_do_corredor,off,2025-10-26T03:07:49.861Z
switch.luz_do_corredor,unavailable,2025-10-26T04:06:50.839Z
switch.luz_do_corredor,off,2025-10-26T04:07:23.850Z
switch.luz_do_corredor,unavailable,2025-10-26T05:13:00.841Z
switch.luz_do_corredor,off,2025-10-26T05:13:33.889Z
switch.luz_do_corredor,unavailable,2025-10-26T06:02:07.840Z
switch.luz_do_corredor,off,2025-10-26T06:02:40.953Z
switch.luz_do_corredor,unavailable,2025-10-26T06:06:08.841Z
switch.luz_do_corredor,off,2025-10-26T06:06:41.946Z
switch.luz_do_corredor,unavailable,2025-10-26T06:10:09.840Z
switch.luz_do_corredor,off,2025-10-26T06:10:42.854Z
switch.luz_do_corredor,unavailable,2025-10-26T06:11:25.839Z
switch.luz_do_corredor,off,2025-10-26T06:11:58.874Z
switch.luz_do_corredor,unavailable,2025-10-26T07:26:23.840Z
switch.luz_do_corredor,off,2025-10-26T07:26:56.929Z
switch.luz_do_corredor,unavailable,2025-10-26T07:44:09.840Z
switch.luz_do_corredor,off,2025-10-26T07:44:42.935Z
switch.luz_do_corredor,unavailable,2025-10-26T08:15:07.839Z
switch.luz_do_corredor,off,2025-10-26T08:15:40.848Z
switch.luz_do_corredor,unavailable,2025-10-26T08:18:35.839Z
switch.luz_do_corredor,off,2025-10-26T08:19:08.980Z
switch.luz_do_corredor,unavailable,2025-10-26T11:33:27.932Z
switch.luz_do_corredor,off,2025-10-26T11:34:00.874Z
switch.luz_do_corredor,unavailable,2025-10-26T12:22:34.839Z
switch.luz_do_corredor,off,2025-10-26T12:23:07.849Z
switch.luz_do_corredor,unavailable,2025-10-26T13:40:17.839Z
switch.luz_do_corredor,off,2025-10-26T13:40:50.933Z
switch.luz_do_corredor,unavailable,2025-10-26T13:46:30.840Z
switch.luz_do_corredor,off,2025-10-26T13:47:03.938Z
switch.luz_do_corredor,unavailable,2025-10-26T14:04:16.839Z
switch.luz_do_corredor,off,2025-10-26T14:04:49.940Z
switch.luz_do_corredor,unavailable,2025-10-26T14:37:26.840Z
switch.luz_do_corredor,off,2025-10-26T14:37:59.849Z
switch.luz_do_corredor,unavailable,2025-10-26T14:44:45.839Z
switch.luz_do_corredor,off,2025-10-26T14:45:18.857Z
switch.luz_do_corredor,unavailable,2025-10-26T15:01:25.839Z
switch.luz_do_corredor,off,2025-10-26T15:01:58.849Z
switch.luz_do_corredor,on,2025-10-26T17:17:16.849Z
switch.luz_do_corredor,off,2025-10-26T17:20:01.851Z
switch.luz_do_corredor,unavailable,2025-10-26T17:27:20.839Z
switch.luz_do_corredor,off,2025-10-26T17:27:53.859Z
switch.luz_do_corredor,unavailable,2025-10-26T17:33:00.839Z
switch.luz_do_corredor,off,2025-10-26T17:33:33.852Z
switch.luz_do_corredor,unavailable,2025-10-26T18:53:28.839Z
switch.luz_do_corredor,off,2025-10-26T18:54:01.854Z
switch.luz_do_corredor,on,2025-10-26T19:07:13.921Z
switch.luz_do_corredor,off,2025-10-26T19:14:22.859Z
switch.luz_do_corredor,unavailable,2025-10-26T19:20:02.840Z
switch.luz_do_corredor,off,2025-10-26T19:20:35.866Z
switch.luz_do_corredor,unavailable,2025-10-26T19:36:09.839Z
switch.luz_do_corredor,off,2025-10-26T19:36:42.859Z
switch.luz_do_corredor,on,2025-10-26T20:03:39.851Z
switch.luz_do_corredor,off,2025-10-26T20:09:42.848Z
switch.luz_do_corredor,unavailable,2025-10-26T21:21:55.841Z
switch.luz_do_corredor,on,2025-10-26T21:22:29.124Z
switch.luz_do_corredor,off,2025-10-26T21:25:13.903Z
switch.luz_do_corredor,unavailable,2025-10-26T21:27:02.839Z
switch.luz_do_corredor,off,2025-10-26T21:27:35.943Z
switch.luz_do_corredor,on,2025-10-26T22:12:41.851Z
switch.luz_do_corredor,off,2025-10-26T22:27:32.854Z
switch.luz_do_corredor,on,2025-10-26T22:29:44.853Z
switch.luz_do_corredor,off,2025-10-26T22:30:17.849Z
switch.luz_do_corredor,unavailable,2025-10-26T22:55:45.840Z
switch.luz_do_corredor,off,2025-10-26T22:56:18.912Z
switch.luz_do_corredor,unavailable,2025-10-26T23:05:49.839Z
switch.luz_do_corredor,off,2025-10-26T23:06:22.882Z
switch.luz_do_corredor,on,2025-10-26T23:11:52.905Z
switch.luz_do_corredor,off,2025-10-26T23:18:44.201Z
switch.luz_do_corredor,on,2025-10-26T23:36:37.859Z
switch.luz_do_corredor,off,2025-10-26T23:44:19.900Z
switch.luz_do_corredor,unavailable,2025-10-27T00:48:17.840Z
switch.luz_do_corredor,off,2025-10-27T00:48:50.881Z
switch.luz_do_corredor,unavailable,2025-10-27T01:00:00.839Z
switch.luz_do_corredor,off,2025-10-27T01:00:33.850Z
switch.luz_do_corredor,unavailable,2025-10-27T01:41:25.839Z
switch.luz_do_corredor,off,2025-10-27T01:41:58.888Z
switch.luz_do_corredor,unavailable,2025-10-27T01:57:32.839Z
switch.luz_do_corredor,off,2025-10-27T01:58:05.852Z
switch.luz_do_corredor,unavailable,2025-10-27T02:01:33.839Z
switch.luz_do_corredor,off,2025-10-27T02:02:06.859Z
switch.luz_do_corredor,unavailable,2025-10-27T02:41:52.838Z
switch.luz_do_corredor,off,2025-10-27T02:42:25.938Z
switch.luz_do_corredor,unavailable,2025-10-27T05:03:23.840Z
switch.luz_do_corredor,off,2025-10-27T05:03:56.848Z
switch.luz_do_corredor,unavailable,2025-10-27T05:25:33.839Z
switch.luz_do_corredor,off,2025-10-27T05:26:06.850Z
switch.luz_do_corredor,unavailable,2025-10-27T05:28:28.839Z
switch.luz_do_corredor,off,2025-10-27T05:29:01.971Z
switch.luz_do_corredor,unavailable,2025-10-27T06:45:05.846Z
switch.luz_do_corredor,off,2025-10-27T06:45:38.851Z
switch.luz_do_corredor,unavailable,2025-10-27T07:34:12.841Z
switch.luz_do_corredor,off,2025-10-27T07:34:46.049Z
switch.luz_do_corredor,unavailable,2025-10-27T07:38:13.840Z
switch.luz_do_corredor,off,2025-10-27T07:38:46.952Z
switch.luz_do_corredor,unavailable,2025-10-27T08:21:50.839Z
switch.luz_do_corredor,off,2025-10-27T08:23:06.853Z
switch.luz_do_corredor,unavailable,2025-10-27T09:29:49.840Z
switch.luz_do_corredor,off,2025-10-27T09:30:22.851Z
switch.luz_do_corredor,unavailable,2025-10-27T11:09:34.838Z
switch.luz_do_corredor,off,2025-10-27T11:10:07.875Z
switch.luz_do_corredor,unavailable,2025-10-27T12:31:41.840Z
switch.luz_do_corredor,off,2025-10-27T12:32:14.920Z
switch.luz_do_corredor,unavailable,2025-10-27T13:12:00.839Z
switch.luz_do_corredor,off,2025-10-27T13:12:33.861Z
switch.luz_do_corredor,unavailable,2025-10-27T13:21:31.840Z
switch.luz_do_corredor,off,2025-10-27T13:22:04.854Z
switch.luz_do_corredor,unavailable,2025-10-27T13:50:50.838Z
switch.luz_do_corredor,off,2025-10-27T13:51:23.849Z
switch.luz_do_corredor,unavailable,2025-10-27T13:54:18.839Z
switch.luz_do_corredor,off,2025-10-27T13:54:51.849Z
switch.luz_do_corredor,unavailable,2025-10-27T13:57:46.839Z
switch.luz_do_corredor,off,2025-10-27T13:58:19.947Z
switch.luz_do_corredor,unavailable,2025-10-27T14:13:20.838Z
switch.luz_do_corredor,off,2025-10-27T14:13:53.977Z
switch.luz_do_corredor,unavailable,2025-10-27T14:21:12.840Z
switch.luz_do_corredor,off,2025-10-27T14:21:45.851Z
switch.luz_do_corredor,unavailable,2025-10-27T14:31:16.840Z
switch.luz_do_corredor,off,2025-10-27T14:31:49.907Z
switch.luz_do_corredor,unavailable,2025-10-27T15:10:29.840Z
switch.luz_do_corredor,off,2025-10-27T15:11:02.961Z
switch.luz_do_corredor,unavailable,2025-10-27T16:23:55.849Z
switch.luz_do_corredor,off,2025-10-27T16:23:59.451Z
switch.luz_do_corredor,unavailable,2025-10-27T17:10:53.841Z
switch.luz_do_corredor,off,2025-10-27T17:11:26.853Z
switch.luz_do_corredor,unavailable,2025-10-27T17:57:15.839Z
switch.luz_do_corredor,off,2025-10-27T17:57:48.948Z
switch.luz_do_corredor,unavailable,2025-10-27T18:16:07.888Z
switch.luz_do_corredor,off,2025-10-27T18:16:40.905Z
switch.luz_do_corredor,unavailable,2025-10-27T18:26:11.839Z
switch.luz_do_corredor,off,2025-10-27T18:26:44.891Z
switch.luz_do_corredor,on,2025-10-27T18:37:44.925Z
switch.luz_do_corredor,off,2025-10-27T18:42:08.847Z
switch.luz_do_corredor,unavailable,2025-10-27T18:52:12.839Z
switch.luz_do_corredor,off,2025-10-27T18:52:46.774Z
switch.luz_do_corredor,unavailable,2025-10-27T19:17:08.839Z
switch.luz_do_corredor,off,2025-10-27T19:17:41.849Z
switch.luz_do_corredor,on,2025-10-27T20:01:42.851Z
switch.luz_do_corredor,off,2025-10-27T20:05:00.856Z
switch.luz_do_corredor,unavailable,2025-10-27T20:23:52.839Z
switch.luz_do_corredor,off,2025-10-27T20:24:25.860Z
switch.luz_do_corredor,unavailable,2025-10-27T20:48:14.842Z
switch.luz_do_corredor,off,2025-10-27T20:48:47.894Z
switch.luz_do_corredor,on,2025-10-27T21:10:47.849Z
switch.luz_do_corredor,off,2025-10-27T21:12:59.851Z
switch.luz_do_corredor,unavailable,2025-10-27T21:26:21.839Z
switch.luz_do_corredor,off,2025-10-27T21:26:54.940Z
switch.luz_do_corredor,unavailable,2025-10-27T21:52:22.839Z
switch.luz_do_corredor,off,2025-10-27T21:52:55.911Z
switch.luz_do_corredor,unavailable,2025-10-27T22:10:41.839Z
switch.luz_do_corredor,off,2025-10-27T22:11:14.851Z
switch.luz_do_corredor,on,2025-10-27T22:37:05.849Z
switch.luz_do_corredor,unavailable,2025-10-27T22:38:21.839Z
switch.luz_do_corredor,on,2025-10-27T22:38:54.936Z
switch.luz_do_corredor,off,2025-10-27T22:40:33.849Z
switch.luz_do_corredor,on,2025-10-27T22:41:06.947Z
switch.luz_do_corredor,off,2025-10-27T22:41:39.899Z
switch.luz_do_corredor,unavailable,2025-10-27T22:53:22.841Z
switch.luz_do_corredor,off,2025-10-27T22:53:55.850Z
switch.luz_do_corredor,unavailable,2025-10-27T23:12:14.839Z
switch.luz_do_corredor,off,2025-10-27T23:12:47.849Z
switch.luz_do_corredor,on,2025-10-27T23:16:05.849Z
switch.luz_do_corredor,off,2025-10-27T23:22:57.357Z
switch.luz_do_corredor,on,2025-10-27T23:28:11.960Z
switch.luz_do_corredor,off,2025-10-27T23:28:44.848Z
switch.luz_do_corredor,on,2025-10-27T23:31:29.895Z
switch.luz_do_corredor,off,2025-10-27T23:32:02.858Z
switch.luz_do_corredor,on,2025-10-27T23:35:20.848Z
switch.luz_do_corredor,off,2025-10-27T23:35:53.848Z
switch.luz_do_corredor,unavailable,2025-10-28T00:41:30.839Z
switch.luz_do_corredor,off,2025-10-28T00:42:03.849Z
switch.luz_do_corredor,unavailable,2025-10-28T01:10:16.839Z
switch.luz_do_corredor,off,2025-10-28T01:10:49.865Z
switch.luz_do_corredor,unavailable,2025-10-28T01:12:38.839Z
switch.luz_do_corredor,off,2025-10-28T01:13:11.849Z
switch.luz_do_corredor,unavailable,2025-10-28T02:03:24.839Z
switch.luz_do_corredor,off,2025-10-28T02:03:57.852Z
switch.luz_do_corredor,unavailable,2025-10-28T03:13:25.839Z
switch.luz_do_corredor,off,2025-10-28T03:13:58.953Z
switch.luz_do_corredor,unavailable,2025-10-28T05:35:29.839Z
switch.luz_do_corredor,off,2025-10-28T05:36:02.853Z
switch.luz_do_corredor,unavailable,2025-10-28T05:51:36.840Z
switch.luz_do_corredor,off,2025-10-28T05:52:09.853Z
switch.luz_do_corredor,unavailable,2025-10-28T06:31:55.839Z
switch.luz_do_corredor,off,2025-10-28T06:32:28.876Z
switch.luz_do_corredor,unavailable,2025-10-28T06:37:35.839Z
switch.luz_do_corredor,off,2025-10-28T06:38:08.934Z
switch.luz_do_corredor,unavailable,2025-10-28T07:04:09.839Z
switch.luz_do_corredor,off,2025-10-28T07:04:43.176Z
switch.luz_do_corredor,unavailable,2025-10-28T07:07:04.839Z
switch.luz_do_corredor,off,2025-10-28T07:07:37.907Z
switch.luz_do_corredor,unavailable,2025-10-28T07:44:05.840Z
switch.luz_do_corredor,off,2025-10-28T07:44:38.928Z
switch.luz_do_corredor,unavailable,2025-10-28T08:13:58.840Z
switch.luz_do_corredor,off,2025-10-28T08:14:31.857Z
switch.luz_do_corredor,unavailable,2025-10-28T08:35:35.839Z
switch.luz_do_corredor,off,2025-10-28T08:36:08.856Z
switch.luz_do_corredor,unavailable,2025-10-28T08:51:42.839Z
switch.luz_do_corredor,off,2025-10-28T08:52:15.849Z
switch.luz_do_corredor,unavailable,2025-10-28T09:10:34.839Z
switch.luz_do_corredor,off,2025-10-28T09:11:07.920Z
switch.luz_do_corredor,unavailable,2025-10-28T09:12:56.839Z
switch.luz_do_corredor,off,2025-10-28T09:13:29.852Z
switch.luz_do_corredor,unavailable,2025-10-28T09:14:45.840Z
switch.luz_do_corredor,off,2025-10-28T09:15:18.848Z
switch.luz_do_corredor,unavailable,2025-10-28T10:31:55.840Z
switch.luz_do_corredor,off,2025-10-28T10:32:28.848Z
switch.luz_do_corredor,unavailable,2025-10-28T11:12:47.840Z
switch.luz_do_corredor,off,2025-10-28T11:14:03.850Z
switch.luz_do_corredor,unavailable,2025-10-28T11:23:01.839Z
switch.luz_do_corredor,off,2025-10-28T11:23:34.848Z
switch.luz_do_corredor,unavailable,2025-10-28T12:03:53.839Z
switch.luz_do_corredor,off,2025-10-28T12:04:26.849Z
switch.luz_do_corredor,unavailable,2025-10-28T12:26:03.839Z
switch.luz_do_corredor,off,2025-10-28T12:26:36.938Z
switch.luz_do_corredor,unavailable,2025-10-28T12:52:37.839Z
switch.luz_do_corredor,off,2025-10-28T12:53:10.881Z
switch.luz_do_corredor,unavailable,2025-10-28T12:58:17.840Z
switch.luz_do_corredor,off,2025-10-28T12:58:50.853Z
switch.luz_do_corredor,unavailable,2025-10-28T13:26:30.840Z
switch.luz_do_corredor,off,2025-10-28T13:27:03.940Z
switch.luz_do_corredor,unavailable,2025-10-28T13:48:40.839Z
switch.luz_do_corredor,off,2025-10-28T13:49:13.859Z
switch.luz_do_corredor,unavailable,2025-10-28T13:58:44.839Z
switch.luz_do_corredor,off,2025-10-28T13:59:17.850Z
switch.luz_do_corredor,unavailable,2025-10-28T14:50:36.839Z
switch.luz_do_corredor,off,2025-10-28T14:51:09.887Z
switch.luz_do_corredor,on,2025-10-28T14:57:45.915Z
switch.luz_do_corredor,off,2025-10-28T15:27:27.390Z
switch.luz_do_corredor,on,2025-10-28T15:32:57.848Z
switch.luz_do_corredor,off,2025-10-28T15:38:40.811Z
switch.luz_do_corredor,on,2025-10-28T15:42:51.849Z
switch.luz_do_corredor,off,2025-10-28T15:57:23.885Z
switch.luz_do_corredor,unavailable,2025-10-28T18:14:49.839Z
switch.luz_do_corredor,off,2025-10-28T18:15:22.986Z
switch.luz_do_corredor,unavailable,2025-10-28T18:36:27.840Z
switch.luz_do_corredor,off,2025-10-28T18:37:00.849Z
switch.luz_do_corredor,on,2025-10-28T18:40:18.854Z
switch.luz_do_corredor,off,2025-10-28T18:43:36.881Z
switch.luz_do_corredor,on,2025-10-28T18:44:42.894Z
switch.luz_do_corredor,off,2025-10-28T18:45:15.865Z
switch.luz_do_corredor,unavailable,2025-10-28T18:45:58.839Z
switch.luz_do_corredor,off,2025-10-28T18:46:31.869Z
switch.luz_do_corredor,unavailable,2025-10-28T18:51:05.839Z
switch.luz_do_corredor,off,2025-10-28T18:51:38.851Z
switch.luz_do_corredor,unavailable,2025-10-28T19:23:42.839Z
switch.luz_do_corredor,off,2025-10-28T19:24:15.891Z
switch.luz_do_corredor,unavailable,2025-10-28T19:51:22.840Z
switch.luz_do_corredor,off,2025-10-28T19:51:55.853Z
switch.luz_do_corredor,on,2025-10-28T19:58:31.869Z
switch.luz_do_corredor,off,2025-10-28T19:59:04.852Z
switch.luz_do_corredor,on,2025-10-28T20:00:10.863Z
switch.luz_do_corredor,off,2025-10-28T20:00:43.874Z
switch.luz_do_corredor,unavailable,2025-10-28T20:16:17.839Z
switch.luz_do_corredor,off,2025-10-28T20:16:50.930Z
switch.luz_do_corredor,unavailable,2025-10-28T20:35:09.839Z
switch.luz_do_corredor,off,2025-10-28T20:35:42.856Z
switch.luz_do_corredor,unavailable,2025-10-28T21:12:43.839Z
switch.luz_do_corredor,off,2025-10-28T21:13:16.924Z
switch.luz_do_corredor,unavailable,2025-10-28T21:27:11.839Z
switch.luz_do_corredor,off,2025-10-28T21:27:44.916Z
switch.luz_do_corredor,unavailable,2025-10-28T22:17:24.838Z
switch.luz_do_corredor,off,2025-10-28T22:17:57.912Z
switch.luz_do_corredor,unavailable,2025-10-28T22:39:34.840Z
switch.luz_do_corredor,off,2025-10-28T22:40:07.935Z
switch.luz_do_corredor,on,2025-10-28T23:24:40.885Z
switch.luz_do_corredor,off,2025-10-28T23:31:40.808Z
switch.luz_do_corredor,on,2025-10-28T23:37:52.948Z
switch.luz_do_corredor,off,2025-10-28T23:38:25.896Z
switch.luz_do_corredor,unavailable,2025-10-29T00:10:29.840Z
switch.luz_do_corredor,off,2025-10-29T00:11:02.852Z
switch.luz_do_corredor,unavailable,2025-10-29T00:20:33.840Z
switch.luz_do_corredor,off,2025-10-29T00:21:06.860Z
switch.luz_do_corredor,unavailable,2025-10-29T01:00:52.840Z
switch.luz_do_corredor,off,2025-10-29T01:01:25.938Z
switch.luz_do_corredor,unavailable,2025-10-29T01:02:08.840Z
switch.luz_do_corredor,off,2025-10-29T01:02:41.870Z
switch.luz_do_corredor,on,2025-10-29T01:19:11.851Z
switch.luz_do_corredor,off,2025-10-29T01:25:47.869Z
switch.luz_do_corredor,unavailable,2025-10-29T01:55:39.845Z
switch.luz_do_corredor,off,2025-10-29T01:56:12.851Z
switch.luz_do_corredor,unavailable,2025-10-29T03:44:43.839Z
switch.luz_do_corredor,off,2025-10-29T03:45:16.852Z
switch.luz_do_corredor,unavailable,2025-10-29T03:49:17.839Z
switch.luz_do_corredor,off,2025-10-29T03:49:50.933Z
switch.luz_do_corredor,unavailable,2025-10-29T05:16:21.839Z
switch.luz_do_corredor,off,2025-10-29T05:16:54.944Z
switch.luz_do_corredor,unavailable,2025-10-29T05:47:52.839Z
switch.luz_do_corredor,off,2025-10-29T05:48:25.867Z
switch.luz_do_corredor,unavailable,2025-10-29T06:34:47.840Z
switch.luz_do_corredor,off,2025-10-29T06:35:20.945Z
switch.luz_do_corredor,unavailable,2025-10-29T06:41:00.839Z
switch.luz_do_corredor,off,2025-10-29T06:41:33.849Z
switch.luz_do_corredor,unavailable,2025-10-29T07:17:28.839Z
switch.luz_do_corredor,off,2025-10-29T07:18:01.934Z
switch.luz_do_corredor,unavailable,2025-10-29T08:11:32.839Z
switch.luz_do_corredor,off,2025-10-29T08:12:48.849Z
switch.luz_do_corredor,unavailable,2025-10-29T08:20:07.839Z
switch.luz_do_corredor,off,2025-10-29T08:20:41.153Z
switch.luz_do_corredor,unavailable,2025-10-29T08:35:08.841Z
switch.luz_do_corredor,off,2025-10-29T08:35:41.852Z
switch.luz_do_corredor,unavailable,2025-10-29T08:51:48.838Z
switch.luz_do_corredor,off,2025-10-29T08:52:21.944Z
switch.luz_do_corredor,unavailable,2025-10-29T08:55:16.839Z
switch.luz_do_corredor,off,2025-10-29T08:55:49.855Z
switch.luz_do_corredor,unavailable,2025-10-29T08:57:05.840Z
switch.luz_do_corredor,off,2025-10-29T08:57:38.851Z
switch.luz_do_corredor,unavailable,2025-10-29T09:21:27.840Z
switch.luz_do_corredor,off,2025-10-29T09:22:00.946Z
switch.luz_do_corredor,unavailable,2025-10-29T09:23:16.839Z
switch.luz_do_corredor,off,2025-10-29T09:23:50.098Z
switch.luz_do_corredor,unavailable,2025-10-29T09:29:30.839Z
switch.luz_do_corredor,off,2025-10-29T09:30:03.858Z
switch.luz_do_corredor,unavailable,2025-10-29T09:50:34.839Z
switch.luz_do_corredor,off,2025-10-29T09:51:07.852Z
switch.luz_do_corredor,unavailable,2025-10-29T10:01:11.839Z
switch.luz_do_corredor,off,2025-10-29T10:01:44.849Z
switch.luz_do_corredor,unavailable,2025-10-29T10:22:15.839Z
switch.luz_do_corredor,off,2025-10-29T10:22:48.849Z
switch.luz_do_corredor,unavailable,2025-10-29T10:40:34.838Z
switch.luz_do_corredor,off,2025-10-29T10:41:08.378Z
switch.luz_do_corredor,unavailable,2025-10-29T10:53:57.840Z
switch.luz_do_corredor,off,2025-10-29T10:54:30.853Z
switch.luz_do_corredor,unavailable,2025-10-29T11:05:40.839Z
switch.luz_do_corredor,off,2025-10-29T11:06:13.852Z
switch.luz_do_corredor,unavailable,2025-10-29T11:27:50.839Z
switch.luz_do_corredor,off,2025-10-29T11:28:23.855Z
switch.luz_do_corredor,unavailable,2025-10-29T11:38:27.840Z
switch.luz_do_corredor,off,2025-10-29T11:39:00.851Z
switch.luz_do_corredor,unavailable,2025-10-29T11:45:46.838Z
switch.luz_do_corredor,off,2025-10-29T11:46:19.850Z
switch.luz_do_corredor,unavailable,2025-10-29T12:01:20.839Z
switch.luz_do_corredor,off,2025-10-29T12:01:53.853Z
switch.luz_do_corredor,unavailable,2025-10-29T12:08:39.840Z
switch.luz_do_corredor,off,2025-10-29T12:09:12.854Z
switch.luz_do_corredor,unavailable,2025-10-29T12:50:05.839Z
switch.luz_do_corredor,off,2025-10-29T12:50:38.861Z
switch.luz_do_corredor,unavailable,2025-10-29T12:51:54.839Z
switch.luz_do_corredor,off,2025-10-29T12:52:27.976Z
switch.luz_do_corredor,unavailable,2025-10-29T12:54:16.839Z
switch.luz_do_corredor,off,2025-10-29T12:54:49.850Z
switch.luz_do_corredor,unavailable,2025-10-29T12:55:32.839Z
switch.luz_do_corredor,off,2025-10-29T12:56:05.849Z
switch.luz_do_corredor,unavailable,2025-10-29T13:06:42.838Z
switch.luz_do_corredor,off,2025-10-29T13:07:15.889Z
switch.luz_do_corredor,unavailable,2025-10-29T13:12:22.840Z
switch.luz_do_corredor,off,2025-10-29T13:12:55.850Z
switch.luz_do_corredor,unavailable,2025-10-29T13:46:38.839Z
switch.luz_do_corredor,off,2025-10-29T13:47:11.872Z
switch.luz_do_corredor,unavailable,2025-10-29T13:50:39.839Z
switch.luz_do_corredor,off,2025-10-29T13:51:12.848Z
switch.luz_do_corredor,unavailable,2025-10-29T14:19:25.839Z
switch.luz_do_corredor,off,2025-10-29T14:20:41.850Z
switch.luz_do_corredor,unavailable,2025-10-29T14:57:42.841Z
switch.luz_do_corredor,off,2025-10-29T14:58:15.949Z
switch.luz_do_corredor,unavailable,2025-10-29T15:18:13.841Z
switch.luz_do_corredor,off,2025-10-29T15:18:46.851Z
switch.luz_do_corredor,unavailable,2025-10-29T15:41:29.839Z
switch.luz_do_corredor,off,2025-10-29T15:42:02.854Z
switch.luz_do_corredor,unavailable,2025-10-29T15:54:18.839Z
switch.luz_do_corredor,off,2025-10-29T15:54:51.868Z
switch.luz_do_corredor,unavailable,2025-10-29T15:55:34.841Z
switch.luz_do_corredor,off,2025-10-29T15:56:07.870Z
switch.luz_do_corredor,unavailable,2025-10-29T17:11:38.839Z
switch.luz_do_corredor,off,2025-10-29T17:12:11.851Z
switch.luz_do_corredor,on,2025-10-29T18:03:20.852Z
switch.luz_do_corredor,off,2025-10-29T18:06:05.848Z
switch.luz_do_corredor,unavailable,2025-10-29T18:17:48.838Z
switch.luz_do_corredor,off,2025-10-29T18:18:21.849Z
switch.luz_do_corredor,unavailable,2025-10-29T18:44:22.840Z
switch.luz_do_corredor,off,2025-10-29T18:44:55.921Z
switch.luz_do_corredor,unavailable,2025-10-29T19:01:02.839Z
switch.luz_do_corredor,off,2025-10-29T19:01:35.928Z
switch.luz_do_corredor,unavailable,2025-10-29T19:05:03.840Z
switch.luz_do_corredor,off,2025-10-29T19:05:36.849Z
switch.luz_do_corredor,unavailable,2025-10-29T19:12:22.840Z
switch.luz_do_corredor,off,2025-10-29T19:12:55.980Z
switch.luz_do_corredor,unavailable,2025-10-29T19:27:23.839Z
switch.luz_do_corredor,off,2025-10-29T19:27:56.867Z
switch.luz_do_corredor,on,2025-10-29T20:00:23.961Z
switch.luz_do_corredor,off,2025-10-29T20:08:17.246Z
switch.luz_do_corredor,unavailable,2025-10-29T20:12:06.840Z
switch.luz_do_corredor,off,2025-10-29T20:12:39.847Z
switch.luz_do_corredor,on,2025-10-29T20:25:18.848Z
switch.luz_do_corredor,off,2025-10-29T20:26:57.858Z
switch.luz_do_corredor,on,2025-10-29T22:02:40.856Z
switch.luz_do_corredor,off,2025-10-29T22:03:46.852Z
switch.luz_do_corredor,unavailable,2025-10-29T23:23:41.839Z
switch.luz_do_corredor,off,2025-10-29T23:24:14.854Z
switch.luz_do_corredor,on,2025-10-29T23:34:08.847Z
switch.luz_do_corredor,unavailable,2025-10-29T23:37:03.839Z
switch.luz_do_corredor,on,2025-10-29T23:37:36.853Z
switch.luz_do_corredor,off,2025-10-29T23:39:15.882Z
switch.luz_do_corredor,on,2025-10-29T23:47:30.980Z
switch.luz_do_corredor,off,2025-10-29T23:58:12.985Z
switch.luz_do_corredor,unavailable,2025-10-30T00:06:55.840Z
switch.luz_do_corredor,off,2025-10-30T00:07:28.851Z
switch.luz_do_corredor,unavailable,2025-10-30T00:30:44.840Z
switch.luz_do_corredor,off,2025-10-30T00:31:17.860Z
switch.luz_do_corredor,unavailable,2025-10-30T01:39:39.839Z
switch.luz_do_corredor,off,2025-10-30T01:40:12.852Z
switch.luz_do_corredor,unavailable,2025-10-30T02:10:04.839Z
switch.luz_do_corredor,off,2025-10-30T02:10:37.850Z
switch.luz_do_corredor,unavailable,2025-10-30T03:17:20.840Z
switch.luz_do_corredor,off,2025-10-30T03:17:53.849Z
switch.luz_do_corredor,unavailable,2025-10-30T06:41:33.839Z
switch.luz_do_corredor,off,2025-10-30T06:42:06.945Z
switch.luz_do_corredor,unavailable,2025-10-30T06:57:40.839Z
switch.luz_do_corredor,off,2025-10-30T06:58:13.874Z
switch.luz_do_corredor,unavailable,2025-10-30T07:01:41.838Z
switch.luz_do_corredor,off,2025-10-30T07:02:14.888Z
switch.luz_do_corredor,unavailable,2025-10-30T08:00:42.839Z
switch.luz_do_corredor,off,2025-10-30T08:01:58.850Z
switch.luz_do_corredor,unavailable,2025-10-30T08:31:50.839Z
switch.luz_do_corredor,off,2025-10-30T08:32:23.927Z
switch.luz_do_corredor,unavailable,2025-10-30T09:13:48.838Z
switch.luz_do_corredor,off,2025-10-30T09:14:21.954Z
switch.luz_do_corredor,unavailable,2025-10-30T09:53:02.839Z
switch.luz_do_corredor,off,2025-10-30T09:53:35.850Z
switch.luz_do_corredor,unavailable,2025-10-30T10:13:00.839Z
switch.luz_do_corredor,off,2025-10-30T10:13:33.854Z
switch.luz_do_corredor,unavailable,2025-10-30T10:20:19.840Z
switch.luz_do_corredor,off,2025-10-30T10:20:52.912Z
switch.luz_do_corredor,unavailable,2025-10-30T10:28:44.839Z
switch.luz_do_corredor,off,2025-10-30T10:29:17.854Z
switch.luz_do_corredor,unavailable,2025-10-30T10:55:18.839Z
switch.luz_do_corredor,off,2025-10-30T10:55:51.849Z
switch.luz_do_corredor,unavailable,2025-10-30T11:20:46.839Z
switch.luz_do_corredor,off,2025-10-30T11:21:19.918Z
switch.luz_do_corredor,unavailable,2025-10-30T12:24:44.839Z
switch.luz_do_corredor,off,2025-10-30T12:25:17.854Z
switch.luz_do_corredor,unavailable,2025-10-30T12:29:51.839Z
switch.luz_do_corredor,off,2025-10-30T12:30:24.927Z
switch.luz_do_corredor,unavailable,2025-10-30T12:42:07.840Z
switch.luz_do_corredor,off,2025-10-30T12:42:40.907Z
switch.luz_do_corredor,unavailable,2025-10-30T12:58:47.840Z
switch.luz_do_corredor,off,2025-10-30T12:59:20.856Z
switch.luz_do_corredor,unavailable,2025-10-30T13:27:00.840Z
switch.luz_do_corredor,off,2025-10-30T13:27:33.908Z
switch.luz_do_corredor,unavailable,2025-10-30T13:39:16.839Z
switch.luz_do_corredor,off,2025-10-30T13:39:49.852Z
switch.luz_do_corredor,on,2025-10-30T13:55:13.859Z
switch.luz_do_corredor,off,2025-10-30T14:06:13.903Z
switch.luz_do_corredor,unavailable,2025-10-30T14:11:53.838Z
switch.luz_do_corredor,off,2025-10-30T14:12:26.849Z
switch.luz_do_corredor,unavailable,2025-10-30T14:24:09.840Z
switch.luz_do_corredor,off,2025-10-30T14:24:42.849Z
switch.luz_do_corredor,unavailable,2025-10-30T16:12:40.841Z
switch.luz_do_corredor,off,2025-10-30T16:13:13.848Z
switch.luz_do_corredor,unavailable,2025-10-30T16:28:47.839Z
switch.luz_do_corredor,off,2025-10-30T16:29:20.852Z
switch.luz_do_corredor,unavailable,2025-10-30T16:32:15.839Z
switch.luz_do_corredor,off,2025-10-30T16:32:48.852Z
switch.luz_do_corredor,unavailable,2025-10-30T16:46:10.839Z
switch.luz_do_corredor,off,2025-10-30T16:46:43.860Z
switch.luz_do_corredor,on,2025-10-30T17:27:25.952Z
switch.luz_do_corredor,off,2025-10-30T17:30:43.852Z
switch.luz_do_corredor,on,2025-10-30T17:39:31.903Z
switch.luz_do_corredor,off,2025-10-30T17:40:37.909Z
switch.luz_do_corredor,unavailable,2025-10-30T18:08:50.842Z
switch.luz_do_corredor,off,2025-10-30T18:09:23.964Z
switch.luz_do_corredor,unavailable,2025-10-30T18:12:51.839Z
switch.luz_do_corredor,off,2025-10-30T18:13:24.870Z
switch.luz_do_corredor,unavailable,2025-10-30T19:43:46.840Z
switch.luz_do_corredor,off,2025-10-30T19:44:19.932Z
switch.luz_do_corredor,unavailable,2025-10-30T19:59:53.839Z
switch.luz_do_corredor,off,2025-10-30T20:00:26.850Z
switch.luz_do_corredor,on,2025-10-30T20:47:44.849Z
switch.luz_do_corredor,unavailable,2025-10-30T20:57:15.840Z
switch.luz_do_corredor,on,2025-10-30T20:57:48.969Z
switch.luz_do_corredor,off,2025-10-30T21:19:15.848Z
switch.luz_do_corredor,unavailable,2025-10-30T21:44:10.840Z
switch.luz_do_corredor,off,2025-10-30T21:44:44.008Z
switch.luz_do_corredor,unavailable,2025-10-30T21:52:35.838Z
switch.luz_do_corredor,off,2025-10-30T21:53:08.863Z
switch.luz_do_corredor,unavailable,2025-10-30T21:57:09.840Z
switch.luz_do_corredor,off,2025-10-30T21:57:42.851Z
switch.luz_do_corredor,unavailable,2025-10-30T22:29:46.839Z
switch.luz_do_corredor,off,2025-10-30T22:30:19.926Z
switch.luz_do_corredor,unavailable,2025-10-30T23:19:59.839Z
switch.luz_do_corredor,off,2025-10-30T23:20:32.889Z
switch.luz_do_corredor,unavailable,2025-10-30T23:42:09.840Z
switch.luz_do_corredor,off,2025-10-30T23:42:42.850Z
switch.luz_do_corredor,unavailable,2025-10-31T00:27:58.840Z
switch.luz_do_corredor,off,2025-10-31T00:28:31.853Z
switch.luz_do_corredor,unavailable,2025-10-31T02:45:38.841Z
switch.luz_do_corredor,off,2025-10-31T02:46:11.865Z
switch.luz_do_corredor,unavailable,2025-10-31T03:54:33.839Z
switch.luz_do_corredor,off,2025-10-31T03:55:06.935Z
switch.luz_do_corredor,unavailable,2025-10-31T05:03:28.838Z
switch.luz_do_corredor,off,2025-10-31T05:04:01.850Z
switch.luz_do_corredor,unavailable,2025-10-31T05:06:23.839Z
switch.luz_do_corredor,off,2025-10-31T05:06:56.904Z
switch.luz_do_corredor,unavailable,2025-10-31T06:14:45.840Z
switch.luz_do_corredor,off,2025-10-31T06:15:18.939Z
switch.luz_do_corredor,unavailable,2025-10-31T06:18:46.839Z
switch.luz_do_corredor,off,2025-10-31T06:19:19.940Z
switch.luz_do_corredor,unavailable,2025-10-31T06:48:05.839Z
switch.luz_do_corredor,off,2025-10-31T06:48:38.850Z
switch.luz_do_corredor,unavailable,2025-10-31T07:21:48.839Z
switch.luz_do_corredor,off,2025-10-31T07:22:22.333Z
switch.luz_do_corredor,unavailable,2025-10-31T08:02:40.839Z
switch.luz_do_corredor,off,2025-10-31T08:03:13.908Z
switch.luz_do_corredor,unavailable,2025-10-31T08:08:22.840Z
switch.luz_do_corredor,off,2025-10-31T08:08:56.001Z
switch.luz_do_corredor,unavailable,2025-10-31T09:26:38.839Z
switch.luz_do_corredor,off,2025-10-31T09:27:11.935Z
switch.luz_do_corredor,unavailable,2025-10-31T10:55:54.839Z
switch.luz_do_corredor,off,2025-10-31T10:56:27.856Z
switch.luz_do_corredor,unavailable,2025-10-31T11:43:55.839Z
switch.luz_do_corredor,off,2025-10-31T11:44:28.886Z
switch.luz_do_corredor,unavailable,2025-10-31T13:42:20.840Z
switch.luz_do_corredor,off,2025-10-31T13:42:53.938Z
switch.luz_do_corredor,unavailable,2025-10-31T13:52:24.839Z
switch.luz_do_corredor,off,2025-10-31T13:52:57.917Z
switch.luz_do_corredor,unavailable,2025-10-31T13:56:58.838Z
switch.luz_do_corredor,off,2025-10-31T13:57:31.871Z
switch.luz_do_corredor,unavailable,2025-10-31T15:00:23.840Z
switch.luz_do_corredor,off,2025-10-31T15:00:56.849Z
switch.luz_do_corredor,unavailable,2025-10-31T15:52:15.840Z
switch.luz_do_corredor,off,2025-10-31T15:52:48.856Z
switch.luz_do_corredor,unavailable,2025-10-31T15:59:34.840Z
switch.luz_do_corredor,off,2025-10-31T16:00:07.851Z
switch.luz_do_corredor,unavailable,2025-10-31T16:15:41.839Z
switch.luz_do_corredor,off,2025-10-31T16:16:14.850Z
switch.luz_do_corredor,on,2025-10-31T18:05:08.903Z
switch.luz_do_corredor,off,2025-10-31T18:08:59.868Z
switch.luz_do_corredor,unavailable,2025-10-31T18:33:54.838Z
switch.luz_do_corredor,off,2025-10-31T18:34:27.921Z
switch.luz_do_corredor,on,2025-10-31T18:38:51.849Z
switch.luz_do_corredor,off,2025-10-31T18:39:24.850Z
switch.luz_do_corredor,on,2025-10-31T19:00:18.848Z
switch.luz_do_corredor,off,2025-10-31T19:04:42.852Z
switch.luz_do_corredor,unavailable,2025-10-31T19:28:31.840Z
switch.luz_do_corredor,off,2025-10-31T19:29:04.932Z
switch.luz_do_corredor,unavailable,2025-10-31T20:14:20.839Z
switch.luz_do_corredor,off,2025-10-31T20:14:53.850Z
switch.luz_do_corredor,on,2025-10-31T20:32:29.851Z
switch.luz_do_corredor,off,2025-10-31T20:39:57.327Z
switch.luz_do_corredor,on,2025-10-31T21:02:11.924Z
switch.luz_do_corredor,off,2025-10-31T21:03:17.918Z
switch.luz_do_corredor,on,2025-10-31T21:28:02.849Z
switch.luz_do_corredor,off,2025-10-31T21:28:35.848Z
switch.luz_do_corredor,unavailable,2025-10-31T21:42:30.839Z
switch.luz_do_corredor,off,2025-10-31T21:43:03.847Z
switch.luz_do_corredor,unavailable,2025-10-31T21:48:43.838Z
switch.luz_do_corredor,off,2025-10-31T21:49:16.850Z
switch.luz_do_corredor,unavailable,2025-10-31T21:53:17.839Z
switch.luz_do_corredor,off,2025-10-31T21:53:50.870Z
switch.luz_do_corredor,unavailable,2025-10-31T22:17:06.839Z
switch.luz_do_corredor,off,2025-10-31T22:17:39.953Z
switch.luz_do_corredor,unavailable,2025-10-31T22:32:40.839Z
switch.luz_do_corredor,off,2025-10-31T22:33:13.862Z
